id,customer name,email,purchase date,price,trx,shipping state,Shipping State
,Port Beckwith,geocities.com,30 Jul 2025,$460.25,548f8041-6317-4388-8dce-fe6de027505c,Argentina,Argentina
689.0,Kimmy Haborn,google.es,pending,$539.17,Unknown,Panama,Panama
414.0,Matthias Calcutt,freewebs.com,11/17/2025,$534.17,4a22264d-4c87-4f9d-b4a5-99e343cb768e,Brazil,Brazil
789.0,Algernon Niaves,wunderground.com,2025-09-20,$345.84,83a9aa51-0a17-4fd8-a7c3-46a87c019f7b,Philippines,Philippines
,Kynthia Mcquirter,yellowbook.com,unknown,$283.29,29c1f562-82cb-40d1-97aa-a467feeb24d8,Indonesia,Indonesia
760.0,Hayes Kleewein,kickstarter.com,2025-12-30,$275.30,f91b1691-2e28-486d-82eb-1a81cba02f98,Germany,Germany
97.0,Susanne Cummins,paypal.com,unknown,$602.31,Unknown,Vietnam,Vietnam
606.0,Clayborne Chesher,indiegogo.com,2025/09/21 20:24:19,$15.57,e7053111-5066-4796-80cf-2d9ceebdae78,France,France
,Tansy Thatcham,trellian.com,2025/11/29 22:23:18,$539.07,a4992388-4b55-4ff8-8d26-2ac017d529ae,Chad,Chad
,Anette Ashman,nytimes.com,2025-11-29,$275.00,ab1ad154-6dde-4480-a3c9-6e3db654f3fd,China,China
219.0,Violante Tetford,yahoo.co.jp,12/31/2025,$867.45,Unknown,Japan,Japan
71.0,Shaylyn Koomar,wordpress.org,03/28/2025,$61.50,95f5da0e-87b0-40cc-a680-e362494a8fff,Brazil,Brazil
334.0,Arty Prangle,fotki.com,2025/09/15 23:27:00,$776.08,6d42c64c-6006-4ada-8f88-5613ad50e3d3,Malaysia,Malaysia
454.0,Harley Dufour,gizmodo.com,2025/10/26 11:20:23,$338.69,411d6f2b-4e85-470f-82d3-c5215fff7a82,Philippines,Philippines
,Ariella Oiller,hexun.com,unknown,$982.90,Unknown,Poland,Poland
544.0,Dionysus Duran,creativecommons.org,02/04/2026,$347.47,335e5eb4-db1a-4528-bb0c-8a4867339d0a,China,China
,Marianne Saynor,nba.com,2025-05-31,$579.85,5c114384-e27b-457e-bdaf-6543a32aaaa3,Argentina,Argentina
399.0,Karie Kinzel,acquirethisname.com,pending,$467.10,73df0397-7bf3-4cc2-b6a0-23d7b54093c5,Poland,Poland
,Marita Watts,house.gov,pending,$436.10,10cb5559-4d6c-44c2-9b79-36de4261aacc,Japan,Japan
487.0,Reggie Garnson,lulu.com,pending,$75.29,b0fdef1e-30d9-4f7f-9642-bb2c6aeffd56,,Unknown
520.0,Derron Allibone,time.com,18 Jul 2025,$414.80,8d8f02ee-a921-4bfe-9e31-8f55ab26930c,Morocco,Morocco
546.0,Jeffrey Worham,amazon.co.jp,09/06/2025,$483.66,bc771ece-7620-4d21-b3fb-8ff62068a7ac,Greece,Greece
,Edy Snoad,sun.com,02/05/2026,$41.44,17095c34-837f-4393-bf62-7a93e46317d8,,Unknown
868.0,Bobina Stephens,yellowbook.com,pending,$901.31,Unknown,Paraguay,Paraguay
992.0,Hubert Leavry,toplist.cz,2025/11/14 13:21:19,$365.06,Unknown,,Unknown
662.0,Stefa Marjoram,bravesites.com,pending,$443.32,a05fa7f2-4100-4093-99aa-5166e65e45ad,Ukraine,Ukraine
221.0,Clarabelle Ceschelli,digg.com,2025-12-31,$936.50,d1590605-bf1d-4ffc-ac8f-c24f83ca1b13,Russia,Russia
571.0,Drusilla Tapply,arstechnica.com,pending,$916.37,Unknown,,Unknown
696.0,Alyce Hardy,bluehost.com,2025/10/05 15:20:52,$116.79,774f69e8-b5d1-42f2-92c8-3d28f0e5d2d7,Portugal,Portugal
443.0,Stafford Drohane,blog.com,05/19/2025,$546.32,7dcca90d-5480-4b64-a415-f9f77c4951aa,Colombia,Colombia
,Carolan Donativo,google.it,2025/09/30 11:56:30,$499.74,be1d28f8-b0d5-46a2-8399-b86c24d1c033,Philippines,Philippines
209.0,Ramsey Ridpath,engadget.com,pending,$828.89,eaf36ac0-cf55-4232-bde4-8cfee73d2cc8,,Unknown
274.0,Bordy Hammel,kickstarter.com,2026-02-19,$408.00,Unknown,,Unknown
429.0,Marget Bartalucci,ameblo.jp,pending,$573.96,39baee76-e2e0-4bc1-960f-d6ec5451a90c,China,China
,Menard Mattityahou,unicef.org,2025-12-13,$129.33,1084b534-defe-47e9-992d-0aa1c947bdf5,Russia,Russia
,Raychel Chucks,usda.gov,unknown,$630.26,f47eb071-b000-4ff7-b776-336e2c7a9433,China,China
742.0,Leopold Louis,ifeng.com,04/07/2025,$549.40,Unknown,,Unknown
550.0,Addy Pert,huffingtonpost.com,2025-08-27,$288.30,98e0c445-d3f2-49b6-b735-f2e6d5a21d35,Kazakhstan,Kazakhstan
45.0,Elmore Petschel,bandcamp.com,12/11/2025,$528.89,bdaaefa3-fe92-4d65-85cb-255e31f8d0e2,China,China
371.0,Edi Gosforth,istockphoto.com,2026-01-21,$645.16,19c27006-7d7d-43c0-a908-d8438860d183,Portugal,Portugal
,Ruby Mcmeeking,nyu.edu,18 Jun 2025,$647.50,17e66e23-13ff-44f8-b1a0-23adbb0afd9e,France,France
,Lucille Tidbold,icq.com,unknown,$406.12,55a487c3-c7b9-45a2-bf6c-b6f946677d2c,Portugal,Portugal
352.0,Thorndike Dello,unicef.org,2025-05-31,$432.45,954a509f-210d-4f74-b5e2-58dd78224530,Poland,Poland
200.0,Elysee Keeves,live.com,2025/11/05 07:37:44,$526.92,b46cbe42-52a7-4fc9-8935-34a1b3e87e0c,Japan,Japan
972.0,Merralee Rosiello,behance.net,2025/12/04 08:57:58,$219.80,ed4153e9-64ca-437e-b9ee-c1b28a07c3d2,China,China
159.0,Urbano Starbuck,mozilla.com,01 Apr 2025,$491.51,edeac63a-6129-463f-ac93-7271009fd581,China,China
356.0,Aron Tadgell,ameblo.jp,26 Jan 2026,$470.48,d8ab3e0d-e38d-40b9-9880-4b5c96f6c403,Poland,Poland
193.0,Jerrome Heaselgrave,wiley.com,02/03/2026,$69.35,Unknown,Bangladesh,Bangladesh
884.0,Starla Leggitt,yellowpages.com,11/29/2025,$142.42,54d8ca4b-b87e-4f07-b796-b328fa483865,South Africa,South Africa
232.0,Berkly Fippe,simplemachines.org,pending,$141.28,ae162203-e17c-49df-9fc9-fc1f86e36f57,China,China
52.0,Carma Klasing,discuz.net,pending,$257.22,8380cc47-8104-4e75-9484-6450a7c17635,Indonesia,Indonesia
724.0,Carmelita Haycroft,oaic.gov.au,2026/02/02 05:06:44,$189.90,761f2bfa-091f-44d5-b298-eb188a729a6b,Moldova,Moldova
319.0,Jeane Newband,wunderground.com,pending,$330.71,47d6aed6-b44a-484f-b9ad-ef2d565c1ae5,China,China
732.0,Delphinia Della,berkeley.edu,unknown,$999.37,efba6721-3775-4dc3-b0b5-5b0193fe1f34,,Unknown
902.0,Celene Mursell,tmall.com,pending,$630.62,5d735153-ceca-4176-9c03-470114c899fd,,Unknown
57.0,Masha Gracewood,howstuffworks.com,03/24/2025,$517.20,8f3300e9-ba18-43fd-b388-068c54bd5341,United States,United States
,Emmerich Hynde,washington.edu,2026-02-12,$550.40,6907bbcf-bbfd-44af-8b20-7024dcdda4de,Indonesia,Indonesia
297.0,Bill Edds,marriott.com,06 Feb 2026,$362.80,b71dd6b4-1f25-4313-92b4-a9a8909faba3,Iran,Iran
529.0,Gran Beric,ibm.com,04/25/2025,$458.72,d99999e4-0bfa-48fe-8adb-60b442aee723,Philippines,Philippines
211.0,Brig Lovel,cisco.com,unknown,$764.29,bfbccbda-09d7-4624-b360-6f7fbf773c10,,Unknown
514.0,Dayna Rosencrantz,wikimedia.org,03/28/2025,$788.26,f8cabcc8-8341-40bd-9763-74a49b49964c,Argentina,Argentina
139.0,Meade Nasey,feedburner.com,unknown,$534.22,Unknown,Mexico,Mexico
,Corene Getten,google.com.au,2025/05/04 00:47:27,$634.76,dca95a72-14d3-468e-9a60-ac11a88dd2ba,Vietnam,Vietnam
644.0,Geoffry Snowdon,webnode.com,unknown,$713.91,f646d2b4-aee5-4eca-a82e-366494d33740,China,China
77.0,Stormy Ingleston,vistaprint.com,08/22/2025,$155.31,c81f0302-fa5c-4d99-bdab-ab40b512a4a1,Ukraine,Ukraine
175.0,Evey Waliszek,google.com.br,02/14/2026,$422.05,2fecc268-9b4e-4aed-b081-2775031c50b3,Brazil,Brazil
431.0,Herbert Harrad,wikispaces.com,unknown,$862.58,36334032-d9ba-4065-a0e1-64d30dfde4b6,China,China
971.0,Tara Brind,aol.com,23 Jan 2026,$466.52,eec9789b-6e67-4c84-b8ab-96889e4ab3cf,,Unknown
110.0,Cayla Holley,studiopress.com,2025-08-20,$686.15,345ce33e-74ad-4195-85f7-448462508677,Argentina,Argentina
276.0,Chas Salmon,go.com,2025-07-07,$641.04,059aad3b-d2ce-40da-b8d4-556664b5020e,,Unknown
32.0,Ellene Stango,springer.com,17 May 2025,$707.18,7accc0dc-9773-4e65-bfa8-719f511f9693,China,China
87.0,Shaylynn Bakewell,godaddy.com,01/15/2026,$10.28,194bba24-1293-4cfc-8802-6ff75d720297,Angola,Angola
405.0,Holly Larmouth,dmoz.org,2025/06/08 20:28:06,$681.30,4fa0916f-1950-4c8b-b137-c77d758a3ee0,Philippines,Philippines
89.0,Sky Quarles,discuz.net,2025/11/03 03:35:05,$389.34,e92bb8ed-e8ab-4007-a367-f9c36c4f9a92,Russia,Russia
108.0,Orelie Elden,uiuc.edu,09 Feb 2026,$340.74,209b725e-b792-43e0-b89d-c2845ebac89a,China,China
810.0,Windham Stores,goo.gl,05/23/2025,$460.94,Unknown,China,China
889.0,Andrus Ableson,si.edu,23 May 2025,$989.67,f83b662e-c60b-4f75-ad03-ac9d85a775d3,Palau,Palau
157.0,Levey Julien,paypal.com,2025/10/17 08:40:02,$606.57,6684a0fe-db31-48d8-b0e6-87435dddbfd9,Thailand,Thailand
713.0,Nichole Tumility,cloudflare.com,27 May 2025,$137.71,cd8db8fa-3c24-4824-a61d-b7f0ea6f00de,Greece,Greece
,Jesse Hof,sfgate.com,03 Oct 2025,$493.94,4e448742-6c56-481a-8c00-21db1853671a,China,China
852.0,Octavia Hambridge,si.edu,2026/01/06 20:03:55,$519.30,6c11cd6e-db1a-42f5-b05e-11d6a9100493,Philippines,Philippines
999.0,Pete Peattie,is.gd,2025-08-02,$184.42,c2620440-8f46-4ba4-ba46-5aab43d1b035,Peru,Peru
759.0,Barbe Rembrant,mlb.com,07/18/2025,$800.26,074e2e54-63e8-4294-ac9e-dc53c7c5f106,Sweden,Sweden
571.0,Drusilla Tapply,arstechnica.com,pending,$916.37,Unknown,,Unknown
310.0,Ginger Cohane,altervista.org,07/08/2025,$261.84,43d682d7-cc16-4b69-8036-a7b55b15a9b2,Indonesia,Indonesia
495.0,Lorenzo Fontelles,example.com,2025-08-27,$683.98,8da310ff-9987-4381-a72a-455426e81f0b,Norway,Norway
324.0,Raven Spataro,cornell.edu,2026/01/26 19:25:20,$126.54,87d7bc71-ac0d-4706-8f3d-9903c8ef25b4,Indonesia,Indonesia
11.0,Marve Cookley,tiny.cc,09 Aug 2025,$300.53,Unknown,Sweden,Sweden
,Erinna Jeannesson,bandcamp.com,2025/04/14 01:19:25,$818.34,84058314-7248-4196-90fe-4871b500e702,China,China
740.0,Shelli Fain,seesaa.net,unknown,$190.16,fa992153-e6d4-49ed-888c-32771cdd6487,,Unknown
,Benoit Molohan,vkontakte.ru,2025-04-01,$315.16,7e38979c-f3cb-4279-8098-ac4150e85821,China,China
,Penni Andreichik,surveymonkey.com,2025-10-17,$265.64,72726b6b-6cb2-40bf-a844-cc1e6958fa6e,,Unknown
553.0,Dorthea Cainey,sphinn.com,02/02/2026,$316.99,c1727c90-52ae-4b97-b176-7ccf3345bacb,Indonesia,Indonesia
,Nat Tillyer,springer.com,pending,$693.99,Unknown,,Unknown
,Skye Rawstorn,sbwire.com,2025/10/16 16:09:39,$247.37,e7b80bb3-923b-45ea-9ae0-e67215dd3972,Philippines,Philippines
885.0,Orren Girvan,opensource.org,pending,$533.37,4a7bd479-6782-4e92-9d21-2ef1ab54ade6,Indonesia,Indonesia
555.0,Shandie Dickenson,ehow.com,08/11/2025,$259.37,14d2b8e6-19cb-4ff4-b51d-0abaf9ded56c,Portugal,Portugal
,Helaine Bignold,bigcartel.com,06/05/2025,$109.18,81a609bd-9a89-474c-9d72-30ba30d47afc,China,China
114.0,Lynnett Beveridge,reddit.com,20 Jun 2025,$862.34,e438b6e9-c483-489f-bf77-d8c8a65cab29,,Unknown
140.0,Ralph Hobbert,deliciousdays.com,03/14/2026,$398.89,c45cc4f2-6254-4431-b32f-e215031013cc,,Unknown
916.0,Claribel Bletcher,chron.com,2025/03/31 08:56:46,$690.44,Unknown,China,China
,Elena Arrigo,indiatimes.com,25 Oct 2025,$796.79,22ac39bb-3c5e-424a-bfb9-818cc984df03,China,China
,Wes Maddie,mail.ru,2025/05/14 02:36:53,$241.63,8d3673b8-207c-48f5-94ba-459316dcc39b,Finland,Finland
940.0,Erl Chinn,blogtalkradio.com,04/16/2025,$574.24,74d198b1-30ff-4251-8009-aae30047c63b,,Unknown
,Cymbre Cockrill,joomla.org,04 Jul 2025,$482.79,98d998ca-0b37-4898-ae25-ab85c4d981db,Portugal,Portugal
859.0,Annelise Menzies,wisc.edu,2026/01/02 07:45:24,$489.18,f7a33c4f-29e2-4747-813a-552521930d86,China,China
140.0,Ralph Hobbert,deliciousdays.com,03/14/2026,$398.89,c45cc4f2-6254-4431-b32f-e215031013cc,,Unknown
729.0,Opal Haccleton,imageshack.us,03 Jul 2025,$132.67,0db5f5c4-d137-4346-9c27-3fe09fcd4b57,,Unknown
697.0,Lindie Normington,google.com.hk,2025-08-05,$695.65,6c43240b-a4c2-45b2-b539-e391fad07ec4,France,France
781.0,Vivyan Brunsen,fastcompany.com,pending,$899.69,82b615c4-3b53-4ded-85af-1da4eee8f5ba,Poland,Poland
24.0,Aubert Grebner,spiegel.de,2026/01/24 22:17:59,$235.33,a0fc6b92-ddfa-4ed0-b920-07d77ecf10b5,Indonesia,Indonesia
758.0,Husain Yegorovnin,upenn.edu,2026-02-21,$726.35,ef40311f-f213-4a83-8c73-961c02c54cbf,China,China
747.0,Dore Songest,rakuten.co.jp,18 Jul 2025,$773.52,43aac3ca-d292-443e-8028-8b74d0c8ebd7,Czech Republic,Czech Republic
530.0,Sonya Laurenzi,goo.gl,10 Aug 2025,$906.18,5eaf2593-1c8c-497f-aef2-075367416a5a,France,France
210.0,Melly Travis,economist.com,09 May 2025,$270.94,f5a4bca6-f92f-4ab9-8a93-8fae1426e712,Serbia,Serbia
829.0,Ambrosi Sindell,xing.com,23 May 2025,$242.62,36324b92-f51a-477d-81a9-0b5c5ac698ff,Indonesia,Indonesia
468.0,Alma Raikes,vinaora.com,13 Nov 2025,$777.74,1f3979d5-6442-4115-9093-5de02411c6a6,Philippines,Philippines
,Erinna Jeannesson,bandcamp.com,2025/04/14 01:19:25,$818.34,84058314-7248-4196-90fe-4871b500e702,China,China
382.0,Xavier Mactague,wordpress.org,2025-03-19,$155.54,0897f921-a55f-4b90-9eb0-2b9b364c5e05,Portugal,Portugal
84.0,Renaud Poulglais,google.com,2025/04/28 02:16:45,$670.73,ee790f89-dc74-4762-9c75-f05aede7302c,China,China
886.0,Giulia Leamy,mit.edu,2026/02/23 06:20:31,$3.32,Unknown,China,China
533.0,Delmore Gookes,bandcamp.com,pending,$116.12,083876c0-9e87-4161-84b9-092d0c1a937c,Haiti,Haiti
741.0,Dode O'Doherty,blogs.com,03/29/2025,$460.62,2b2517dd-5e78-47ac-afed-f6f701d0443c,Russia,Russia
823.0,Rosie Geockle,army.mil,2025/07/08 10:03:31,$791.84,48e233e9-9607-4d3a-9eba-285ab41e9bba,China,China
446.0,Charita Seywood,livejournal.com,2025-05-29,$726.15,323b71c6-b656-4da0-8274-b05a32932d40,Belgium,Belgium
,Biddie Rickhuss,nationalgeographic.com,unknown,$411.57,285a3ac0-91ec-41ce-a269-1dfd7ee5df78,Colombia,Colombia
360.0,Artur Schleswig-Holstein,nyu.edu,21 Feb 2026,$425.66,6bcd9945-b127-4642-a8a2-9ee7613b35b4,United States,United States
946.0,Karel Bony,archive.org,08/25/2025,$426.38,1a924aa4-2245-4144-92f7-91777a16f640,Argentina,Argentina
782.0,Layton Eckersall,opera.com,unknown,$847.32,05510400-e639-4fd2-810e-0b723f64247b,Argentina,Argentina
603.0,Bart Orknay,canalblog.com,2025-11-22,$669.51,5b58256a-8bb4-4037-9241-eb6220b226d7,Indonesia,Indonesia
77.0,Stormy Ingleston,vistaprint.com,08/22/2025,$155.31,c81f0302-fa5c-4d99-bdab-ab40b512a4a1,Ukraine,Ukraine
616.0,Gusta Georgins,amazon.co.uk,pending,$264.87,acf3c5da-dbee-451d-8e36-84b409cdfa13,Dominican Republic,Dominican Republic
812.0,Dacie Clayton,indiatimes.com,2025/08/14 20:01:06,$38.80,478f1f5a-3dd6-47f2-b194-43d3e32b149a,Poland,Poland
569.0,Jan Messer,independent.co.uk,01/02/2026,$783.90,91373dde-6040-4c5f-a360-58ec7869fc38,China,China
219.0,Violante Tetford,yahoo.co.jp,12/31/2025,$867.45,Unknown,Japan,Japan
345.0,Dav Unger,wsj.com,unknown,$859.03,3b4513f9-9077-46cb-a252-8d7d0970789d,Philippines,Philippines
586.0,Boyd Lewson,pen.io,2025-11-15,$987.57,9db752ec-17e7-428f-b527-7427a9edc372,Colombia,Colombia
,Andriana Mapson,biglobe.ne.jp,05/01/2025,$982.74,Unknown,China,China
389.0,Fanchon Buckby,walmart.com,pending,$742.63,bc11b727-56c5-4cc0-aaea-e19d0a4a31be,,Unknown
793.0,Broderic Nesbeth,godaddy.com,2025-05-17,$404.36,83acb7f5-62d0-464c-a7b1-94597a6f5344,,Unknown
589.0,Porter Brettle,earthlink.net,unknown,$690.35,757cb3bd-4c24-4776-8628-05f5ae871f1b,Palestinian Territory,Palestinian Territory
528.0,Rosana Marrian,globo.com,unknown,$284.65,Unknown,Argentina,Argentina
452.0,Miguel D'Antuoni,google.de,07/08/2025,$37.11,a3409e3b-1fe0-4fb2-b97f-f9961232271b,China,China
526.0,Micki Conrart,fotki.com,2025-04-30,$524.32,f176cb61-f63a-4591-b9fc-b7cf55f324b5,Czech Republic,Czech Republic
875.0,Barbara Swaby,soundcloud.com,23 Feb 2026,$447.30,cef6b269-5303-4f53-9bea-e0804def21cf,Brazil,Brazil
313.0,Jakie Pryell,cnn.com,unknown,$946.23,825b8a15-306a-4a53-b334-37294b578fba,,Unknown
954.0,Blane Griniov,epa.gov,12/21/2025,$571.07,b2c96c8c-a086-444f-9084-f92093f7e732,New Caledonia,New Caledonia
822.0,Seka Ewells,columbia.edu,pending,$293.89,3d705ecb-c169-40a8-96ed-319c9239f318,,Unknown
466.0,Dagmar Hackforth,google.de,2025-03-29,$450.94,85bac4d2-b146-41cb-8321-ba397d6b56c6,Indonesia,Indonesia
424.0,Theo Jessard,wordpress.org,12 Jun 2025,$132.23,97b0b5f1-c4b8-48ca-9456-92f75ba48651,Poland,Poland
975.0,Farley Ughi,go.com,01/15/2026,$3.21,5de52ed2-071f-4385-a9ea-c23f83f62c02,Russia,Russia
623.0,Ulrica Mclellan,whitehouse.gov,10 Apr 2025,$961.69,82aeac99-ce23-4662-a7bc-f50bd6e71ae2,Sweden,Sweden
774.0,Rori Pearman,google.ru,2026-02-02,$800.98,e00595bf-d343-4257-958e-30156ccd0c0a,Marshall Islands,Marshall Islands
337.0,Norbie Yeiles,virginia.edu,2025/10/28 16:52:36,$146.64,1630c16b-ca3a-47c3-b105-af0ff5360b01,Latvia,Latvia
463.0,Lotta Dodds,auda.org.au,26 Aug 2025,$5.45,56915309-2dfd-4451-b6eb-361e526390d8,China,China
79.0,Norry Willeman,howstuffworks.com,pending,$161.93,e5b15b2b-f8c8-405b-bdc8-e73d2ab026e0,Russia,Russia
,Estevan Jorgesen,homestead.com,unknown,$61.60,01e66b79-2ab3-4dfb-8761-2ee5aa547de9,Russia,Russia
,Aili Hubbins,wisc.edu,2025-12-18,$518.66,a80aaa65-0c2f-41b1-9855-fb94b50b12d2,Peru,Peru
722.0,Daune Cleyne,hubpages.com,22 Dec 2025,$105.24,2a39e5ed-ed22-4274-bec8-6e7c2a880f8d,China,China
,Nichole Margerrison,yellowbook.com,08 Nov 2025,$910.75,3805971e-cf9a-4c34-8a84-cd9590f5b04b,Portugal,Portugal
668.0,Sharai Waite,shinystat.com,2025-08-25,$36.94,d9dc6753-c97f-4ffb-a74f-b43119a9bea7,Peru,Peru
831.0,Derek Orae,odnoklassniki.ru,27 Dec 2025,$706.25,f656ac70-2bca-4190-b9b5-592c1dbe0131,,Unknown
40.0,Aimee Grece,howstuffworks.com,2025-09-04,$208.42,05f8e0ba-c7ef-450f-85f0-88a8d35f937b,France,France
31.0,Ansley Teaser,feedburner.com,2025-11-27,$693.19,e2e87348-ac04-4d4c-a0ad-9c7f56c0daf2,Morocco,Morocco
811.0,Michal Tran,macromedia.com,2026/01/20 14:09:20,$334.78,49964e58-78b6-4696-8cde-88604497a915,Indonesia,Indonesia
,Rosabella Gianolini,go.com,unknown,$709.55,dd654c41-2ca8-48e2-ba18-0e4c48ffe215,France,France
55.0,Adair Mayne,typepad.com,pending,$354.50,54bd5655-863a-40f3-bb13-580bd7dfa318,Indonesia,Indonesia
809.0,Georgy Simanek,addtoany.com,29 Sep 2025,$183.29,ed4d47d0-605f-4d4d-a05f-f7bc837040f5,Spain,Spain
287.0,Ardisj Mulqueeny,surveymonkey.com,06 Nov 2025,$897.16,b7bf7742-fbb8-49a9-bf0c-becc971c4d4d,Czech Republic,Czech Republic
951.0,Gibby Custard,pagesperso-orange.fr,2026-02-19,$807.11,0bc9b0d2-6525-4a8b-821e-50774861754c,Norway,Norway
766.0,Carmelita Bamborough,bloglines.com,12 Mar 2026,$277.66,33dec972-95df-40af-8a79-b99938888f9c,Malaysia,Malaysia
,Lotty Labusquiere,washingtonpost.com,03/12/2026,$667.95,048a1c47-fc78-4060-84da-45a3e73d8921,Poland,Poland
395.0,Allin Antoney,aboutads.info,03/24/2025,$726.53,9ecddfa9-1d1d-4a72-ac3d-3b2798727c54,Indonesia,Indonesia
4.0,Tate Allner,jimdo.com,pending,$279.01,dfd46235-98bf-4f25-94d6-3e68e264f1cd,,Unknown
328.0,Mina Lydon,seattletimes.com,pending,$400.85,4da6595a-3857-4d65-aa3e-3c8a717043a6,France,France
998.0,Melli Moar,tinypic.com,2025-10-09,$135.53,bd7b8dfc-bc75-4c7d-9a14-717f1704b9a7,,Unknown
71.0,Shaylyn Koomar,wordpress.org,03/28/2025,$61.50,95f5da0e-87b0-40cc-a680-e362494a8fff,Brazil,Brazil
721.0,Jobi Davage,state.tx.us,unknown,$294.92,2e8a12b1-dd63-4294-9db0-29f87abb0a32,Canada,Canada
297.0,Bill Edds,marriott.com,06 Feb 2026,$362.80,b71dd6b4-1f25-4313-92b4-a9a8909faba3,Iran,Iran
582.0,Adele Torrent,aol.com,pending,$852.48,db63a8c4-1d31-45b9-b73c-a1e5093bc210,Gambia,Gambia
,Jaye Keeley,t-online.de,pending,$702.91,bdf7b053-a1d7-48ba-bb24-4eb22b59e999,Russia,Russia
59.0,Tim Caton,cafepress.com,2025/09/07 16:41:31,$892.32,9eb2fdd7-1b1a-4f4a-87ff-d04e10a68f1d,China,China
64.0,Lew Colecrough,fda.gov,04/12/2025,$516.92,3c019040-48fa-4b9e-b004-5191f2540e17,,Unknown
515.0,Mirna Glasper,spotify.com,11/24/2025,$239.05,76867c45-38b4-4ffc-bc04-b58e6947d295,United States,United States
,Tara Mcmanaman,shutterfly.com,2025-04-12,$994.65,3d295c5d-6e0b-4d0a-9e9f-fa4b2b869c0c,France,France
498.0,Peggi Blackey,hp.com,pending,$347.20,5d1eddce-4c25-4758-bf0d-04310652cb15,France,France
101.0,Shoshanna Dubs,imageshack.us,2025/04/18 18:18:21,$784.04,089291e2-3d12-47b9-b4c6-04a0b7d8a629,Russia,Russia
169.0,Elana Treharne,senate.gov,30 Nov 2025,$941.44,842c1f6b-55e0-4549-becb-11fd7665ca46,Croatia,Croatia
791.0,Arin Picot,google.co.uk,11 May 2025,$685.82,72a81c8c-2eb2-4790-94f7-6078e90511de,,Unknown
907.0,Gwenora Linton,statcounter.com,13 Aug 2025,$536.00,Unknown,Niger,Niger
,Pandora Gonnin,usatoday.com,10 Nov 2025,$734.21,fcfe4021-ecb7-4f38-916b-c8153bf38648,United States,United States
523.0,Charlot Vearnals,acquirethisname.com,2025-09-11,$783.67,a403895b-6b59-4115-9e5c-c3148af2cc9e,Japan,Japan
309.0,Andy Boncore,wired.com,pending,$741.34,97048ad4-549c-4154-a6ed-370d33b47034,Sweden,Sweden
584.0,Dacey Setter,webs.com,02/07/2026,$354.81,1a83ff13-63a1-4dcb-9626-516c791ba89f,China,China
,Prissie Mcrobbie,nifty.com,2026/03/02 14:26:19,$196.08,08a81d6a-ffd8-4a3a-9a3f-b6a93be56fd7,China,China
363.0,Ced D'Antonio,clickbank.net,2025-10-26,$829.37,779d8040-6218-48e6-9f54-c143ae93bc59,,Unknown
,Marinna Winyard,google.com.au,unknown,$671.21,908a725e-ddf3-4822-b573-736d9b5231fc,France,France
381.0,Annamaria Pech,craigslist.org,23 Jun 2025,$597.22,f3c78e79-53ed-45c1-98fb-f3738216c7e2,United States,United States
935.0,Crosby Twiggs,jimdo.com,pending,$379.09,8cbe51ae-9804-42b1-9d15-cda69d740c1f,Brazil,Brazil
67.0,Paolina Renzullo,gov.uk,04/21/2025,$334.87,65feae0c-acfc-49a6-bc52-085dbe62f3d0,Armenia,Armenia
853.0,Rhona Albro,surveymonkey.com,2026-02-22,$169.73,239de331-6442-46fe-925f-027179b6f4e3,Poland,Poland
68.0,Fidelia Barbe,bing.com,unknown,$484.42,b26f9246-9d83-4010-83b9-efa687c39c11,Sweden,Sweden
262.0,Delores Coytes,clickbank.net,pending,$227.74,2d39d98d-c65c-4e87-a06b-9f642d2e9576,China,China
13.0,Leonelle Fedorchenko,wikipedia.org,12 Mar 2026,$252.56,a7638e37-f3c9-4879-9c2c-44c9d38ccddf,Brazil,Brazil
353.0,Lucky Surtees,imdb.com,01 Dec 2025,$744.51,33f37a4d-5782-4cad-bffb-141cb5a3b01a,,Unknown
602.0,Darnall Linden,slate.com,2025/06/15 10:48:08,$891.99,425022c2-74a1-4744-9eaf-52eadde411c6,France,France
983.0,Goldie Simnett,auda.org.au,2025/04/11 20:46:39,$237.13,59f2d40a-408e-4b09-aaf1-4608779bf1b9,Malaysia,Malaysia
295.0,Ashley Cruse,altervista.org,08/15/2025,$172.15,63fa4a6b-5560-4565-acc5-8a01a2408fe3,,Unknown
635.0,Rinaldo Grayley,ocn.ne.jp,10/30/2025,$434.15,f26df73a-8a3a-46c7-a457-0ac15d4a0f8e,China,China
850.0,Meta Cornilli,vimeo.com,11/22/2025,$988.63,d4631dc9-3127-49d2-8c91-dffd8c3cc959,Sweden,Sweden
185.0,Remington Ettery,myspace.com,2025-12-23,$473.08,77929759-58c6-4e99-89ac-c8b32c397a08,China,China
579.0,Hattie Feldfisher,aol.com,2025/03/15 02:11:38,$167.31,88edce23-fb93-4a86-ad91-45a496944d57,,Unknown
355.0,Rikki Herion,telegraph.co.uk,pending,$346.00,545ad808-eb17-4ce7-bcd3-aaf726210744,Philippines,Philippines
332.0,Maynord Maclaughlin,so-net.ne.jp,06 Nov 2025,$330.54,225f4110-9abb-4bba-bb53-30eb8af05862,United States,United States
,Averyl Pattillo,vinaora.com,19 Aug 2025,$254.46,1ef80ef4-cfa2-47fd-ae7d-ec2d6feefd9c,,Unknown
320.0,Dionis Vickress,ca.gov,unknown,$673.57,2316b68e-1b30-40c8-aed2-285b718b8257,Norway,Norway
980.0,Sloan Atcherley,etsy.com,02 Jul 2025,$346.52,eba719c3-1384-44bb-addd-29813fdf95be,Brazil,Brazil
920.0,Riordan Beetham,google.com.au,12 May 2025,$69.61,b9294614-0599-4d68-bc29-03dde124c5dc,,Unknown
990.0,Guillema Stanbrooke,time.com,unknown,$883.55,9ae6d3af-6ccd-4693-92a1-702dcba51671,Japan,Japan
725.0,Bevvy Maurice,amazonaws.com,28 Jun 2025,$254.77,Unknown,Thailand,Thailand
,Daron Pinck,unc.edu,2025-03-28,$213.75,ab785d09-508d-4e5a-9137-b9f3d352de13,,Unknown
552.0,Bay Kilfether,1und1.de,2025/06/05 18:58:30,$819.69,314bb01a-5bc9-49b3-9e83-bc6906d94419,China,China
,Jillana Spatari,example.com,2025-04-25,$787.61,97843dd4-555f-4350-9c9e-bb070dd5fb81,Brazil,Brazil
3.0,Staffard Gater,intel.com,unknown,$540.69,a62af998-6717-4be9-abe0-80c18d29321e,China,China
7.0,Anthe Battams,webeden.co.uk,20 Jan 2026,$526.71,5b7e50ae-d163-464f-bc07-7e1f18618613,Philippines,Philippines
585.0,Miguela Baildon,hc360.com,2025-11-11,$243.17,5378c6e4-e6b7-4915-8392-28ae8e743973,South Africa,South Africa
783.0,Dylan Laidlaw,virginia.edu,06/25/2025,$478.53,c736cf14-0920-4313-b6eb-77b4bbb618f0,,Unknown
854.0,Ferris Willson,dailymotion.com,2026/03/08 20:08:10,$394.51,f27d5432-c765-45c2-9d45-63d1fb083d26,Indonesia,Indonesia
,Gaylene Malatalant,godaddy.com,2025/11/15 04:28:54,$810.48,3df283c0-2bfe-4a34-9037-22be16ef3381,Latvia,Latvia
942.0,Nathanael Fancett,wunderground.com,pending,$925.98,e915d857-c80e-41f2-a512-9b21c14077c8,Indonesia,Indonesia
539.0,Cordi Tasch,biblegateway.com,2025/08/18 07:29:13,$323.18,4194492f-cef5-4f26-9685-93ce151d7b24,,Unknown
880.0,Ardyth Fransemai,t-online.de,2026-01-05,$461.60,6d508d96-0ad5-48ba-bae9-d9a5326c4656,,Unknown
216.0,Antin Pickworth,phpbb.com,pending,$921.15,ac1f2e3b-4004-483b-ac27-99dfab035b86,,Unknown
978.0,Abrahan Parsley,domainmarket.com,unknown,$348.76,22082cd7-49c5-446f-ac0d-af486e63025e,,Unknown
532.0,Winifred Godilington,joomla.org,2025-08-03,$887.16,df6a9d84-dee4-44bb-b53f-16f67c1c11f2,Japan,Japan
786.0,Josiah Brood,scientificamerican.com,unknown,$269.38,add2ca3a-5019-4fd7-b4b3-57b2e8978670,Gambia,Gambia
678.0,Caty Peek,mozilla.org,2025-09-24,$792.66,1601894c-0aa0-46d6-ac4d-baf9f8246df3,,Unknown
984.0,Charline Fleis,free.fr,2025-04-27,$826.66,Unknown,Portugal,Portugal
622.0,Dalis Wrathmall,360.cn,11/22/2025,$475.13,adc0c1a4-68bc-47df-8f51-90f73091ff9e,Russia,Russia
257.0,Justina Udden,mtv.com,2025-12-03,$228.93,243d154c-dea9-44e8-8cfb-11ee8f23c151,China,China
669.0,Abbi Mclenaghan,japanpost.jp,pending,$369.75,6158858a-d35a-4da9-ba47-fbe2bd8101ac,Indonesia,Indonesia
261.0,Imogene Vobes,gravatar.com,pending,$567.04,a338c5e4-89e3-4baa-874a-dde918ad1156,Malaysia,Malaysia
905.0,Ignazio Roads,youku.com,10/19/2025,$849.71,adc39308-c46a-4ac8-a45a-bd590c9e5d76,,Unknown
615.0,Pat Hatherell,tinyurl.com,06 Jan 2026,$180.51,f80f007a-03f6-487f-a5a2-bbdc1bb41aea,Iraq,Iraq
366.0,Karissa Buick,omniture.com,27 Jan 2026,$501.60,b096c207-6ad4-4c36-a009-4eff94b5222a,,Unknown
891.0,Gilburt Shaul,about.com,unknown,$978.05,5995b5a6-5fac-4cf5-b673-74b659d08cbb,Peru,Peru
701.0,Arch Wakelam,theatlantic.com,pending,$424.14,14958806-9f51-45ed-ab05-1afea2985360,Uganda,Uganda
271.0,Siffre Bollen,shutterfly.com,2025/04/09 07:02:38,$253.83,794d3d8f-ba7e-448f-97dc-f325dea5c96e,Indonesia,Indonesia
702.0,Al Castaignet,chron.com,2026-01-26,$708.05,4b267268-05f7-49e5-9123-291fd70fa60a,Argentina,Argentina
26.0,Michal Ducastel,hao123.com,unknown,$559.14,03f37fbe-83c1-4d05-9154-6ba56ca742fe,Tanzania,Tanzania
,Brynna Petrie,nhs.uk,15 Jul 2025,$780.39,39d7652c-fe34-4e66-bf90-b5fb2cfbbf2f,China,China
278.0,Stanfield Gascone,sourceforge.net,2025/07/01 07:26:43,$913.19,d8498b70-7a0c-4b7c-986b-f7761c12442f,China,China
514.0,Dayna Rosencrantz,wikimedia.org,03/28/2025,$788.26,f8cabcc8-8341-40bd-9763-74a49b49964c,Argentina,Argentina
478.0,Miguelita Henworth,dedecms.com,22 Jan 2026,$205.34,d573edbe-ead2-4b47-9983-4d97805bb562,Indonesia,Indonesia
107.0,Shanda Macshirie,thetimes.co.uk,11/08/2025,$745.10,e9779127-d777-40a0-a8c4-00955b04be6b,Philippines,Philippines
630.0,Joshuah Harman,parallels.com,2025-09-03,$268.61,Unknown,Iran,Iran
56.0,Eduard Banford,state.gov,2025/04/29 21:27:15,$156.32,a7ba8ae1-899b-4693-9ea1-c72e6689ec88,Russia,Russia
320.0,Dionis Vickress,ca.gov,unknown,$673.57,2316b68e-1b30-40c8-aed2-285b718b8257,Norway,Norway
214.0,Vincenty Gregorowicz,webnode.com,pending,$441.99,2c90e3bf-63fc-41a4-b1e9-652ca1b50156,Mongolia,Mongolia
121.0,Louis Wilce,whitehouse.gov,2025/10/10 02:35:34,$817.72,c1040b17-7e1f-4692-b4ac-d226d321d000,France,France
679.0,Ruprecht Westgarth,newyorker.com,pending,$636.29,a634245c-e198-4d87-a6dc-a2b306118179,Israel,Israel
290.0,Alec Dienes,flickr.com,2025/12/11 14:50:35,$380.42,909d5a8c-cd6d-4471-85b6-2c4c694851fe,,Unknown
73.0,Donny Szymonwicz,un.org,2025/10/03 22:42:39,$907.96,9f13c5cc-a95e-4cf2-86c6-ad808de36467,,Unknown
627.0,Nels Brownill,blogger.com,unknown,$213.06,81eb6cb3-a91b-4d47-9ec4-dbb8158f396d,Russia,Russia
362.0,Thacher Macgillacolm,dedecms.com,04/14/2025,$149.31,4836d03b-5863-4c4d-8742-73f4a2b4a2a9,Indonesia,Indonesia
299.0,Raphaela Linnett,unicef.org,unknown,$742.35,a4272a8c-5112-410b-ab89-a70082a40974,,Unknown
835.0,Vale Troubridge,cornell.edu,2025-07-06,$38.15,2b635908-0341-416c-bcb9-cc3fe45d315a,Indonesia,Indonesia
430.0,Frazer Blesli,yellowbook.com,2025/06/22 20:19:19,$76.63,6ffed011-6f89-4132-b8e3-be7e57047286,,Unknown
,Duff Lugden,aol.com,2025/12/10 21:34:57,$95.24,ab682ff2-9e70-4dd3-8658-d97ffb537dd4,,Unknown
440.0,Jolene Silvers,plala.or.jp,2025/10/18 19:08:27,$271.24,66a0f428-564a-4758-a3d6-c4e2573dd40e,Greece,Greece
671.0,Muire Swinburne,wikia.com,2025/08/25 18:37:11,$865.59,b226c3c4-8a71-4068-a885-815bb6816e7c,New Zealand,New Zealand
772.0,Lynnet Gallienne,sohu.com,10/06/2025,$813.13,34420b43-ae0b-49b5-9de4-fd8491cd28ee,,Unknown
617.0,Arther Braunstein,youtube.com,2025-11-22,$511.81,Unknown,Czech Republic,Czech Republic
693.0,Eb Mclugaish,answers.com,2025-03-26,$586.24,7e0b8a4b-5152-427a-ac37-fee19bd25635,Russia,Russia
714.0,Petunia Hoffman,usa.gov,2025-04-04,$416.14,688db7a7-d6c6-4029-a58f-91d3c6282978,Kazakhstan,Kazakhstan
307.0,Kendrick Hammarberg,thetimes.co.uk,unknown,$352.03,f4e86b86-97e1-4bff-b89e-645673ff362c,Indonesia,Indonesia
421.0,Tabbie Cardoe,sfgate.com,pending,$231.81,3f0ebff2-92aa-480c-85bd-8df2f4f01fd8,United States,United States
61.0,Alexandro Marquis,umn.edu,pending,$319.49,e71e0836-50b7-4ae5-8cb9-5a7fe9d928af,Argentina,Argentina
459.0,Carilyn Lyptrade,yolasite.com,15 Jul 2025,$1.77,463958c1-e6c8-4711-b959-713ef1438a22,Belarus,Belarus
93.0,Katuscha Remington,home.pl,14 Aug 2025,$977.81,3f3db061-2b28-4581-b15a-83e90cc25136,Brazil,Brazil
716.0,Doroteya Bestiman,epa.gov,2025-05-13,$652.73,5fc84cf2-a20c-4d5a-8abe-7e2966f8e649,Myanmar,Myanmar
667.0,Sibbie Brotherhood,wunderground.com,unknown,$778.95,b2852799-985a-4afb-b9d7-28f73495860f,Bulgaria,Bulgaria
812.0,Dacie Clayton,indiatimes.com,2025/08/14 20:01:06,$38.80,478f1f5a-3dd6-47f2-b194-43d3e32b149a,Poland,Poland
281.0,Winnifred Mingauld,census.gov,20 Apr 2025,$410.81,3f5f9f15-252e-4ccb-a394-9f4c2c866265,Indonesia,Indonesia
,Paula Grunnill,springer.com,2025-12-22,$449.62,43c9c27f-edb1-485d-9743-8564e6902a40,Canada,Canada
,Waylen Killimister,wikia.com,2025/12/19 17:34:03,$935.47,5c8d8fa0-eef8-4220-9465-1c4f668400e8,Armenia,Armenia
343.0,Leeanne Dunk,vk.com,05 Jan 2026,$1.86,db18e955-c4b6-4a81-bbc0-df8a241d5cd7,Colombia,Colombia
183.0,Charmian Demongeot,businessweek.com,2025/05/07 11:43:13,$298.40,b0996e55-5826-49fd-bec0-cf006b4d0dc2,Colombia,Colombia
542.0,Gracia Cardillo,shutterfly.com,2025-05-24,$874.45,c6f08151-cbc7-4961-9b16-9e3de2fad9c1,Belarus,Belarus
391.0,Candra De Leon,google.ru,pending,$728.86,f0b136cf-7fcd-46b2-a369-d923bdb06e76,,Unknown
111.0,Terza Gillbard,princeton.edu,pending,$682.21,eb1969be-20d6-4645-8026-19227a794c66,Sweden,Sweden
847.0,Marco Paffley,weebly.com,pending,$189.04,29ae0993-0d88-4113-949e-7cc7151fb665,Thailand,Thailand
596.0,Lonni Renshaw,posterous.com,04/24/2025,$510.62,9e0bfb1a-9461-491d-b026-a39405894f03,China,China
531.0,Billy Tomkies,house.gov,02/09/2026,$207.22,349a3509-030e-47e5-bc30-dfd504ddb4f0,Nigeria,Nigeria
543.0,Kristyn Hinrichsen,globo.com,11/21/2025,$611.77,1f5b7982-d4fb-4196-8617-39f88fb46358,China,China
347.0,Dru Logie,topsy.com,2025-06-20,$296.85,8173fdb8-514d-47f8-a731-01570c109071,Portugal,Portugal
922.0,Orren Westmore,biglobe.ne.jp,2025/05/23 02:10:27,$73.86,01157804-0aa1-48de-80b0-24b8e65e3420,Macedonia,Macedonia
262.0,Delores Coytes,clickbank.net,pending,$227.74,2d39d98d-c65c-4e87-a06b-9f642d2e9576,China,China
328.0,Mina Lydon,seattletimes.com,pending,$400.85,4da6595a-3857-4d65-aa3e-3c8a717043a6,France,France
676.0,Mayne Laughton,ask.com,2026/02/23 23:27:57,$65.78,4adf5189-d053-4820-b8d4-1e650049f220,Indonesia,Indonesia
902.0,Celene Mursell,tmall.com,pending,$630.62,5d735153-ceca-4176-9c03-470114c899fd,,Unknown
869.0,Lexi Acklands,time.com,2025/10/15 18:48:26,$495.90,25d9d10d-d2d5-4e22-8277-2c5165b7dd77,Poland,Poland
138.0,Tera Copperwaite,ameblo.jp,2025-06-20,$687.41,ab4e2605-a738-429b-91e3-d1a17b5e5cda,,Unknown
594.0,Wenda Pickerin,over-blog.com,08/02/2025,$80.39,b90bfbbc-4963-4ed8-8afe-ee673410fc4b,Philippines,Philippines
708.0,Dexter Trulocke,dedecms.com,2026-01-27,$547.98,22228a2e-04ee-44d9-9192-e9e804b218b1,China,China
893.0,Cloe Orpyne,zimbio.com,unknown,$283.80,b05fe52f-6597-4860-a965-34a0d623ea0b,Dominican Republic,Dominican Republic
995.0,Coleman Colerick,icq.com,01/28/2026,$446.13,8d420425-dfa2-4ca9-ac15-e77adc6f3143,Indonesia,Indonesia
690.0,Gabbie Dodge,etsy.com,2025/04/15 22:57:15,$15.07,f961ce2a-dade-4a4c-9736-744c2d5166f0,Japan,Japan
717.0,Jillian Kidney,163.com,unknown,$993.29,3d0d0946-6658-4ca1-9336-a13f93bca130,,Unknown
30.0,Hilarius Christian,alibaba.com,unknown,$253.10,3d10bf41-45d6-4532-bd14-79ce46b15683,China,China
166.0,Mari Lewtey,gnu.org,pending,$536.58,edf6625c-646b-4809-8e0e-67a5e73b4ef8,Croatia,Croatia
249.0,Boigie Dane,hatena.ne.jp,03/22/2025,$493.73,fbb2956a-e719-4cfa-a97e-3e24b9d5b947,Philippines,Philippines
,Rupert Gascard,umn.edu,2026/01/17 04:04:46,$135.20,949a2354-2146-473a-93a6-ba2bd94f335e,Poland,Poland
536.0,Tremain Dykes,skype.com,17 Nov 2025,$714.78,e7b92d55-bb66-4e64-80b9-d45628b45e4d,Norway,Norway
368.0,Aridatha Stodart,newsvine.com,07/07/2025,$664.16,97a9ab51-b671-49b5-8a4e-9c36e80e5fa5,Indonesia,Indonesia
335.0,Heddie Husher,seesaa.net,2026-03-04,$62.55,af0844bf-746d-4f75-b690-b60cabc09ba0,,Unknown
,Loella Harsant,slashdot.org,2025/06/16 14:19:19,$151.38,6ab7108f-7a51-4bf1-845f-2fac6c885f5a,China,China
,Helaine Bignold,bigcartel.com,06/05/2025,$109.18,81a609bd-9a89-474c-9d72-30ba30d47afc,China,China
450.0,Yorgo Corsar,wunderground.com,pending,$323.89,e84e7396-268d-48cd-b2ca-a47f51792d39,China,China
425.0,Worthy Naris,gmpg.org,2025/11/19 02:20:51,$587.14,3faffca5-5cab-45a8-8906-15e8e2eb4165,Poland,Poland
754.0,Gustaf O'Carrol,craigslist.org,05/21/2025,$552.76,fbfb7b47-7aea-406a-b4a1-aaac99a4e1f7,Poland,Poland
778.0,Sutherlan Eilhermann,domainmarket.com,13 Jun 2025,$968.76,04dcb841-07a8-4e53-b240-ff3058919c2f,Indonesia,Indonesia
66.0,Allister Knell,amazon.com,2026/01/24 12:46:04,$958.36,701b0a05-ac36-473e-a82c-a0da1ddde83a,China,China
449.0,Dorine Priver,dailymail.co.uk,unknown,$566.55,3b1fab78-c4c0-42cd-bf34-03552db5f27d,,Unknown
981.0,Geoffrey Bircher,vimeo.com,2025/06/02 20:54:36,$367.17,599eee14-5502-46ce-88fc-fa3d54b3574e,Israel,Israel
,Anette Ashman,nytimes.com,2025-11-29,$275.00,ab1ad154-6dde-4480-a3c9-6e3db654f3fd,China,China
255.0,Felicdad Ughetti,simplemachines.org,unknown,$741.94,91e2aabf-a8c2-4701-ab47-9e4b05eee67e,Philippines,Philippines
797.0,Edythe Spir,cafepress.com,pending,$363.39,dfa16c4a-328f-46c4-8b59-ab307c61ddcb,France,France
313.0,Jakie Pryell,cnn.com,unknown,$946.23,825b8a15-306a-4a53-b334-37294b578fba,,Unknown
693.0,Eb Mclugaish,answers.com,2025-03-26,$586.24,7e0b8a4b-5152-427a-ac37-fee19bd25635,Russia,Russia
,Marris Dumberrill,cocolog-nifty.com,2025/08/31 13:54:11,$507.80,d5b4ab5b-d3cc-466c-bc29-45794c36c7c4,Kenya,Kenya
236.0,Audy Abriani,nba.com,2025-09-09,$258.58,38062d13-21c9-440c-aadd-9cbfd90ef0cc,Philippines,Philippines
434.0,Montague Rivalant,whitehouse.gov,2025-12-28,$795.87,56f127cf-592a-4760-a759-a0876f06d4c3,Greece,Greece
600.0,Antonin Townsend,mayoclinic.com,04 Mar 2026,$718.90,fc9e3c9c-4e7d-4c9b-96b8-975318aca351,Syria,Syria
306.0,Monah Bartozzi,is.gd,unknown,$746.05,Unknown,Bosnia and Herzegovina,Bosnia and Herzegovina
925.0,Aggy Clinkard,google.pl,05 Nov 2025,$453.18,def5634b-a158-4b75-8eaf-4feecc71acea,,Unknown
880.0,Ardyth Fransemai,t-online.de,2026-01-05,$461.60,6d508d96-0ad5-48ba-bae9-d9a5326c4656,,Unknown
278.0,Stanfield Gascone,sourceforge.net,2025/07/01 07:26:43,$913.19,d8498b70-7a0c-4b7c-986b-f7761c12442f,China,China
250.0,Camile Russel,senate.gov,08/18/2025,$163.22,55db6c19-77a7-4857-b2b1-c7fac06569c8,Indonesia,Indonesia
637.0,Mahmud Rykert,spotify.com,05/16/2025,$119.82,a6da7723-26fa-4cd3-899f-ed6ce30ff503,Mongolia,Mongolia
491.0,Dickie Srawley,google.cn,pending,$378.89,f88acd54-9beb-44c8-af81-d3329068d04b,Ukraine,Ukraine
72.0,Chet Gearing,g.co,pending,$127.31,eccf0ae6-9d94-4740-9338-ca8c698cdbea,Lebanon,Lebanon
95.0,Rooney Mewhirter,studiopress.com,pending,$978.08,0663bddb-201c-4b53-ae92-1479bee32ba7,Finland,Finland
34.0,Nathanil Freak,miibeian.gov.cn,06/18/2025,$736.91,79ac01a0-f080-4f44-85e3-544beb892f64,,Unknown
719.0,Jerri Barbosa,mit.edu,pending,$565.91,ef0edba7-78b1-4615-8abc-fd09a6bc4973,French Guiana,French Guiana
260.0,Mirabel Elletson,edublogs.org,01/26/2026,$55.71,e9e2627b-7951-46eb-848b-b6015c5de89f,Poland,Poland
,Cherri Scholler,ucla.edu,2025/09/02 21:44:56,$886.38,9d6ae768-58cd-494d-9545-cc05c0508b9d,Greece,Greece
458.0,Adler Livens,independent.co.uk,2025-03-21,$859.95,fee28202-6dd4-4398-b727-55d0e59d9133,Venezuela,Venezuela
975.0,Farley Ughi,go.com,01/15/2026,$3.21,5de52ed2-071f-4385-a9ea-c23f83f62c02,Russia,Russia
436.0,Anna-Maria Fenimore,qq.com,08/09/2025,$616.99,ff48e3a0-0bac-4f85-af0c-1eb47152184b,,Unknown
78.0,Aldridge Buxey,xrea.com,27 Nov 2025,$459.96,630b29c2-d2ef-420e-916f-f1486ed6fe8a,Brazil,Brazil
85.0,Diahann Blackston,pen.io,unknown,$886.58,728165ab-4f86-4ad2-a172-b9f01c21f462,Macedonia,Macedonia
965.0,Imojean Wilby,ameblo.jp,02/11/2026,$270.18,a4499110-1854-4f9b-9cdf-7e81d99dcf0c,Norway,Norway
83.0,Alphard Stockall,businesswire.com,2025/07/17 17:54:39,$976.62,33575cf8-c106-4afc-bb92-4255281d2ade,Ukraine,Ukraine
494.0,Thorndike Corless,yale.edu,unknown,$714.45,47a83669-6010-4d98-bd8e-d718d5b661ea,,Unknown
567.0,Lucinda Bunyard,ask.com,pending,$504.90,5bbb7a73-5209-4438-9b08-9dd138825e81,El Salvador,El Salvador
919.0,Gustavus Cappineer,nba.com,12 Jul 2025,$966.52,b1c185a6-de00-4765-bf30-48d16a315ca0,,Unknown
618.0,Jeana Javes,ucoz.ru,2025-08-25,$656.84,251aeb95-ad4b-4891-989f-248d65dc7f8f,United States,United States
803.0,Marta Anlay,cdc.gov,06/08/2025,$330.44,46ea70e5-af67-412f-9723-7ff9b9d5233d,Zimbabwe,Zimbabwe
426.0,Marcelia Sinfield,phpbb.com,01 Dec 2025,$28.81,Unknown,Bolivia,Bolivia
534.0,Anabal Hoxey,omniture.com,unknown,$68.89,bee0bd2b-1bf1-4b39-956b-8b36e53a666a,Belarus,Belarus
351.0,Ferdinanda Giacobo,cornell.edu,2025-07-07,$803.65,bbaaf4ce-86f0-47ff-bc9e-e60f227ee78a,Indonesia,Indonesia
576.0,Roxine Nunson,ibm.com,unknown,$6.34,9c963d73-3cb1-4ab1-b2a4-592e79cd8371,China,China
6.0,Barbaraanne Cottie,wiley.com,01 Feb 2026,$835.64,Unknown,,Unknown
311.0,Kurt Mccard,weebly.com,07/26/2025,$775.49,ed9d00f4-8c7b-41b3-b51f-d2ffdcef34f8,Thailand,Thailand
754.0,Gustaf O'Carrol,craigslist.org,05/21/2025,$552.76,fbfb7b47-7aea-406a-b4a1-aaac99a4e1f7,Poland,Poland
105.0,Rani Walby,histats.com,pending,$717.50,7acf9d9a-0696-43a8-a075-b84a7aa14ad9,Latvia,Latvia
98.0,Gallard Hadny,nih.gov,11/30/2025,$561.10,f629804a-1962-42f0-b3dc-b77cc81976b8,Cayman Islands,Cayman Islands
378.0,Carie Lankford,msn.com,06 Nov 2025,$320.66,015b5432-92c5-41b5-9e04-90c62d411e34,China,China
828.0,Peggi Huard,umn.edu,04/13/2025,$612.03,f5069fb1-ce27-42a2-8655-c5cec7c6b9ac,,Unknown
,Trueman Mazzilli,yahoo.com,2025/06/07 09:59:39,$49.94,6cf3a20a-d7ad-475c-8ddc-eea76c0e0513,Italy,Italy
845.0,Bayard Naper,techcrunch.com,05 May 2025,$401.18,ac94dc73-daa3-4b1d-a61e-ebf51a1b7490,China,China
507.0,Aeriell Novic,ucsd.edu,2025/08/26 01:36:39,$719.81,ceded420-5aa0-4a68-8c76-7524cabe4b96,Georgia,Georgia
63.0,Mayne Emlen,moonfruit.com,03/30/2025,$81.09,cfcf3ead-5900-4618-a271-560c70cf9638,,Unknown
,Jaye Bierling,posterous.com,2025-06-28,$328.48,fb681489-41e7-444e-a81d-1b0881caea5f,,Unknown
,Fabien Bonnett,usatoday.com,2025-09-02,$987.42,8ffc5454-71e9-4355-9508-ce2ea66e1094,Azerbaijan,Azerbaijan
267.0,Cameron Beadell,sciencedaily.com,2025-06-25,$192.00,542e0d48-777f-4377-ba8f-549200f5f7e3,Poland,Poland
559.0,Leonora Deble,adobe.com,2025-07-02,$190.48,27328e62-76fd-4df2-ba31-5ecbeebeb2e5,,Unknown
239.0,Alfonso Brymham,usgs.gov,unknown,$696.88,37e690fe-688f-478a-adff-8cc13a1c642c,United States,United States
428.0,Ludvig Vines,blinklist.com,pending,$656.26,b2c1dca9-c3e1-4cc5-b74f-9eb040afb62c,,Unknown
146.0,Norene Sprasen,census.gov,2025/11/24 21:47:16,$205.66,7ef2748b-cac2-4c45-86f9-40bac8e01f87,Brazil,Brazil
987.0,Lorilyn Evreux,ox.ac.uk,2025/10/09 05:28:39,$489.20,90853f59-f76a-4a55-9299-d959df24aa0c,,Unknown
,Clemmy Simpkin,abc.net.au,unknown,$943.70,a31d40a5-2cb0-4cf7-a21d-e5ff1a414f95,Croatia,Croatia
621.0,Birgitta Jakucewicz,about.com,unknown,$109.05,7867770c-c50d-4075-9498-d3f0a1d9ded8,Saint Kitts and Nevis,Saint Kitts and Nevis
119.0,Maxy Orans,theatlantic.com,08/30/2025,$939.15,6eb2f31c-d2ac-4ec3-976f-e452b6c616a2,Mongolia,Mongolia
674.0,Si Eyckel,soundcloud.com,pending,$420.33,6ff962d4-e80f-4cbd-9d10-d58ddd424744,China,China
651.0,Rockey Scadding,php.net,unknown,$516.44,f4841e14-8d6d-4987-b6ce-6bc6f4d98958,China,China
251.0,Teddi Chatelet,unesco.org,2025-06-12,$375.43,fc90a404-9feb-4f50-8721-6eeb1f6a79fd,China,China
486.0,Sidnee Fader,edublogs.org,2025/11/15 05:03:42,$211.53,7631475e-ceb9-4487-b65a-5e4089d4a99b,Argentina,Argentina
286.0,Daniel Chamberlin,google.com.br,03/24/2025,$72.69,411cf702-79da-4e8e-980e-b65e927e91ea,China,China
64.0,Lew Colecrough,fda.gov,04/12/2025,$516.92,3c019040-48fa-4b9e-b004-5191f2540e17,,Unknown
,Linnet Jarvis,last.fm,2026/03/07 16:30:59,$152.92,d91e5a27-fed2-4a22-9f66-e5d4e6f9d0a0,Serbia,Serbia
,Irwinn Linnit,youtu.be,pending,$444.65,0c6a3e88-d0f9-4947-98e9-63829b82217a,China,China
,Sinclair Penwarden,cpanel.net,2026/02/06 01:08:24,$303.26,d4101aa8-4c6f-4c25-a0a8-a7cabdf65a0a,Democratic Republic of the Congo,Democratic Republic of the Congo
661.0,Alvina Hubner,nps.gov,09/21/2025,$152.32,64cc07f7-977d-41ab-80ab-5877b40680ef,,Unknown
371.0,Edi Gosforth,istockphoto.com,2026-01-21,$645.16,19c27006-7d7d-43c0-a908-d8438860d183,Portugal,Portugal
82.0,Gerry Clynman,foxnews.com,16 Jul 2025,$567.45,edba8dbf-59da-4acb-9e4d-2bb7cf7963d6,Sweden,Sweden
,Elroy Ghiroldi,bizjournals.com,2025-08-15,$700.19,9226f035-75c3-4e7e-847f-a4df5a6e6216,Indonesia,Indonesia
527.0,Marla Exley,webnode.com,07/15/2025,$878.17,26bd01e4-ec2e-47fe-9e63-8fd664f340fa,South Korea,South Korea
588.0,Palmer Remon,zimbio.com,pending,$722.32,Unknown,,Unknown
927.0,Amos Creavan,marketwatch.com,2025-12-21,$142.21,5f4df372-cf77-4fc8-a3ef-fcb1cee7f348,Bhutan,Bhutan
561.0,Jasmina Crawley,e-recht24.de,2026-02-28,$887.04,fa794c26-7fb9-4dfa-8fd2-6fa3756b0136,,Unknown
240.0,Boy Engelmann,nbcnews.com,2025/08/12 22:24:05,$397.57,Unknown,Poland,Poland
412.0,Alissa Richold,yandex.ru,unknown,$28.74,abdfad89-d2d1-4201-ba5d-970520f7ce85,China,China
212.0,Jemima Bonson,geocities.com,27 Jan 2026,$178.19,dc7e3cd6-a4d0-4450-b011-c8e01f40d445,China,China
856.0,Marci Spittle,boston.com,12/14/2025,$726.48,291f82a9-b907-45ef-846d-2d01147a14da,Norway,Norway
31.0,Ansley Teaser,feedburner.com,2025-11-27,$693.19,e2e87348-ac04-4d4c-a0ad-9c7f56c0daf2,Morocco,Morocco
,Wallache Kaveney,java.com,29 May 2025,$15.70,2f2e408c-334d-4a79-8adc-9717b829b935,Nigeria,Nigeria
228.0,Spencer Newbigging,dedecms.com,25 Apr 2025,$673.72,2dbe3f29-42fd-4306-9bff-de6367d51586,Ukraine,Ukraine
900.0,Ashlin Marrion,wufoo.com,2025/09/26 09:06:53,$287.07,5813f1f0-c398-46d3-9829-89803778e0b7,Dominican Republic,Dominican Republic
619.0,Sherie Sclater,hibu.com,30 Mar 2025,$59.72,24ff3764-4f8b-4a17-8fa6-acb15c90296d,Finland,Finland
966.0,Renie Alliban,linkedin.com,2026-01-10,$479.52,678a9beb-f94d-4cab-8893-54778a604043,,Unknown
,Fairlie Galero,bbb.org,2025/06/26 19:40:42,$27.68,Unknown,China,China
178.0,Coretta Scrivner,wordpress.org,07 Jun 2025,$763.06,10e829f1-559d-46e3-990f-64e3db9c16c4,Indonesia,Indonesia
210.0,Melly Travis,economist.com,09 May 2025,$270.94,f5a4bca6-f92f-4ab9-8a93-8fae1426e712,Serbia,Serbia
537.0,Franzen Speedy,youku.com,17 Jul 2025,$612.76,5eb4db26-640a-485e-a0b4-bafca66e740c,Philippines,Philippines
,Goldarina Baggalley,accuweather.com,14 Nov 2025,$979.52,5b857957-8965-49d8-b829-eae881e00473,,Unknown
804.0,Gray Bonafacino,sogou.com,unknown,$428.43,4df02127-ffd4-444d-a2d2-adea0311c388,China,China
448.0,Timothea De Villier,a8.net,pending,$662.60,2434e5ae-6106-4b3f-a68e-aa531d702396,Dominican Republic,Dominican Republic
909.0,Tiffany Kohrs,wordpress.com,02 Dec 2025,$711.29,aecbc475-7c0a-41f1-80a0-50e1f0912af3,Portugal,Portugal
,Marita Watts,house.gov,pending,$436.10,10cb5559-4d6c-44c2-9b79-36de4261aacc,Japan,Japan
8.0,Marc Macro,yellowbook.com,03/02/2026,$635.44,8ed5b7b0-1c97-4fc6-9b93-5278cd51eff7,Panama,Panama
666.0,Dun Kubelka,oaic.gov.au,2025-12-03,$788.57,da17f731-8b49-43ef-9e9c-e65d6efd299f,,Unknown
156.0,Rolph Courtenay,e-recht24.de,unknown,$489.93,9b67e0aa-f7f5-4d0e-8f7f-5f1116822ac9,Bangladesh,Bangladesh
705.0,Quincy Champerlen,thetimes.co.uk,06/22/2025,$37.76,f52cb94f-43ce-4607-a74f-6e77d026ed06,,Unknown
358.0,Janel Ingyon,tiny.cc,unknown,$601.22,35d36db8-ea70-4373-af50-f64c4e145c36,,Unknown
991.0,Johnny Dayment,hao123.com,2025-09-21,$991.11,ad688a8f-7fae-423d-ba69-45a4496d8c7d,Indonesia,Indonesia
224.0,Jarrid Yaldren,photobucket.com,pending,$917.52,e3e0062e-bffe-408b-92dc-70fbc3141883,Russia,Russia
330.0,Corinne Maraga,ucoz.ru,2025-10-13,$348.98,1c13e60f-ba00-4f74-a028-ac73875a78c1,China,China
592.0,Elsi Petrasek,ucoz.com,2025/12/31 11:20:15,$659.10,2612d951-c51b-4c41-9fb2-6c3ed7dc27ad,Tunisia,Tunisia
960.0,Neille Mckillop,canalblog.com,2025/09/09 06:11:41,$77.25,50b9df3a-0dca-46ac-8a29-826c7759ab93,,Unknown
926.0,Meghann Prestage,fc2.com,2025/06/20 07:50:46,$657.01,54f5cf74-efba-4ae2-ba89-0f1f5a9a654e,Portugal,Portugal
,Arlina Baildon,posterous.com,pending,$610.44,9a0d6c9c-3d6a-4c7a-bc30-5c077bf86347,China,China
788.0,Ilene Woloschinski,webnode.com,unknown,$488.51,b7999e09-fac7-48c5-b6a1-10dc5a630a41,,Unknown
,Adelind Kivelhan,w3.org,pending,$598.77,c041fda0-a012-4eaa-8fe0-d331032e8ce7,Venezuela,Venezuela
661.0,Alvina Hubner,nps.gov,09/21/2025,$152.32,64cc07f7-977d-41ab-80ab-5877b40680ef,,Unknown
583.0,Irene Macdirmid,photobucket.com,2025/09/16 05:29:40,$879.82,ee0c361d-b733-4af6-bfdd-a92913c73731,Lithuania,Lithuania
694.0,Kipper Kite,123-reg.co.uk,05/11/2025,$733.06,dbd89252-7efc-466b-9a17-1010c99ee472,China,China
543.0,Kristyn Hinrichsen,globo.com,11/21/2025,$611.77,1f5b7982-d4fb-4196-8617-39f88fb46358,China,China
,Eva Hatherill,pagesperso-orange.fr,05/06/2025,$730.98,f24adccd-6112-4c20-9581-34c9cb7f19de,Canada,Canada
595.0,Annalee Whitwell,nydailynews.com,2025-04-18,$937.74,95507e07-dd90-4adb-994c-06611a7c9ea1,,Unknown
631.0,Boy Nortunen,tuttocitta.it,unknown,$257.96,8ffa1111-a1ad-4b7a-8648-e8410ab5b966,Luxembourg,Luxembourg
602.0,Darnall Linden,slate.com,2025/06/15 10:48:08,$891.99,425022c2-74a1-4744-9eaf-52eadde411c6,France,France
441.0,Towney Shirt,ihg.com,05 Feb 2026,$785.31,Unknown,,Unknown
733.0,Teena Drackford,princeton.edu,05 Jun 2025,$816.16,ab4a0abf-6634-4a56-b83c-7ea9a66c5bc5,China,China
844.0,Adey Mazin,addtoany.com,04/02/2025,$133.44,946f25f9-39c0-4b34-ac5b-9c27e4bde4bc,Russia,Russia
,Gustav Petworth,webnode.com,2025-03-28,$810.72,21f087a0-6299-43c3-adea-d557f13e6507,Brazil,Brazil
164.0,Tiff Loachhead,gravatar.com,pending,$272.90,Unknown,China,China
229.0,Essy Bendan,amazon.co.jp,06/25/2025,$409.71,Unknown,Portugal,Portugal
,Aila Muspratt,ebay.com,2025/09/05 22:38:33,$131.00,4aeafe0e-7fb3-46ba-9b8d-cb85991799c4,,Unknown
870.0,Colline Fairbairn,nbcnews.com,20 Feb 2026,$1.87,81bb9908-73c5-45ab-939a-0620ae2d3187,Mexico,Mexico
213.0,Nani Pierrepont,smugmug.com,01/07/2026,$245.94,1bfdfade-2f01-4279-9c64-c5d80b56a7d6,,Unknown
912.0,Jerrome Hubback,jiathis.com,10 Sep 2025,$406.45,1e8dfe32-cb1c-4d94-acb3-feab5b841f59,Serbia,Serbia
80.0,Eddie Arlet,flickr.com,unknown,$417.56,82cb4e4b-eafb-452a-8c20-f4bb60a0fbd0,Bangladesh,Bangladesh
149.0,Daphene Van Der Kruis,biglobe.ne.jp,2025-04-08,$269.27,86523f1e-586a-4c6d-8d94-4e10f3ae3939,,Unknown
303.0,Hanan Rewcastle,ted.com,unknown,$90.00,b4f974a6-b57b-4ddb-8606-a9e2a5e0adb2,Peru,Peru
,Phineas Egdal,dell.com,unknown,$126.31,cf070bfb-e641-4683-b3ce-be53183a32dd,Thailand,Thailand
775.0,Anet Sivess,jiathis.com,04/19/2025,$984.89,70bdf7a5-dd14-4d46-a487-c599eb8a9c3e,Poland,Poland
605.0,Chrissie Keeping,ucsd.edu,2025/07/11 13:56:45,$305.71,abb9575c-b86c-4e40-bec0-9ea60513e82e,Mexico,Mexico
645.0,Gloriane Haily,washington.edu,24 May 2025,$769.90,8b0b29ba-7ac7-4bcf-b7ef-7a144f18055e,China,China
44.0,Millicent Beyer,addtoany.com,11 Aug 2025,$178.10,6c18642f-5169-4e00-8892-0670d7cc8559,China,China
483.0,Toiboid Marciskewski,netscape.com,03/07/2026,$2.28,f0d2b8ff-675e-4bb8-8264-d1d431483bc2,China,China
,Viviana Gallo,cbc.ca,unknown,$39.10,e22ac6db-324e-40ee-82aa-b750a4c9763b,Mali,Mali
718.0,Raphaela Late,51.la,06/28/2025,$535.93,dfc29575-cdb9-4d68-9649-2f66b2955475,Uruguay,Uruguay
862.0,Esme Abrahamsen,mapquest.com,unknown,$449.67,b7a7ced4-3dc7-449f-9e00-a95273bacf20,,Unknown
598.0,Hailey Reynish,storify.com,pending,$371.01,f08840be-8a90-4f1a-8750-1d2a53ea0193,Turkmenistan,Turkmenistan
312.0,Zsa Zsa Sumption,yahoo.com,unknown,$354.27,b7add061-ad62-4f3d-9d8c-b51d9437b722,Russia,Russia
409.0,Loy Gumn,4shared.com,2025-09-13,$616.72,75f1e424-5391-45a1-9927-993ffcd52ff9,Indonesia,Indonesia
568.0,Cindy Garnam,upenn.edu,12/03/2025,$354.54,d5147bad-fe55-43bd-9ac8-ad85844e000e,Poland,Poland
731.0,Nellie Kilfeather,histats.com,09 Jul 2025,$445.89,fe0974a4-edcf-476f-9fc0-b7341c1d47b6,China,China
,Lynsey Follen,hugedomains.com,07 Nov 2025,$615.87,61e53de4-dd17-46ba-a380-bf928b484d17,Portugal,Portugal
937.0,Gertrude Warton,engadget.com,pending,$269.58,d60a9af0-854f-47e9-945b-9f1d12744314,Brazil,Brazil
653.0,Herbie Mapledorum,prlog.org,2025-12-31,$89.56,66095a38-adba-459c-8d1c-f157206be35c,,Unknown
897.0,Shaina Clegg,dagondesign.com,01/11/2026,$112.89,864b7118-d87b-4a4b-880c-b88083cfb81d,,Unknown
,Gerianne Jedrzejewsky,bluehost.com,18 May 2025,$85.11,2bbb0b95-adeb-447c-a366-b54ab98175f3,Croatia,Croatia
423.0,Bea Crutchfield,pagesperso-orange.fr,2026/01/22 23:07:29,$938.42,Unknown,Indonesia,Indonesia
361.0,Tildie Ohrtmann,discovery.com,pending,$286.32,fea31afb-49b8-47fe-9aae-2aa6bc809f5b,China,China
383.0,Row Stoves,ameblo.jp,unknown,$216.02,d1ad7915-26c3-4296-b221-a635a17b15db,,Unknown
,Austina Parken,jimdo.com,pending,$443.67,058503f7-e957-4ef3-96c4-36f1beccb114,Indonesia,Indonesia
923.0,Philly Braidman,netlog.com,pending,$14.88,bf1dad44-c226-486e-9ba0-f44228195436,Indonesia,Indonesia
476.0,Marwin Jephcote,youtu.be,2025-11-24,$21.92,ab267dab-dea9-4e3a-9761-b3267f593960,Poland,Poland
843.0,Rosalinda Skellorne,scribd.com,unknown,$276.31,c00a47ef-f535-4234-81ea-e7d575d95bc2,,Unknown
653.0,Herbie Mapledorum,prlog.org,2025-12-31,$89.56,66095a38-adba-459c-8d1c-f157206be35c,,Unknown
,Dela Gleasane,fastcompany.com,pending,$103.54,3c7a48b4-5102-4909-a445-1cacdf892d2f,Sweden,Sweden
929.0,Morry Mcneilly,g.co,2025-10-13,$438.44,89099818-7877-46a7-89bd-b4118af405b7,France,France
55.0,Adair Mayne,typepad.com,pending,$354.50,54bd5655-863a-40f3-bb13-580bd7dfa318,Indonesia,Indonesia
141.0,Melvyn Adelman,intel.com,pending,$355.47,0b54812b-bc4a-4fa1-b17e-fa18c898d75a,Turkmenistan,Turkmenistan
173.0,Krishnah Sidebotton,odnoklassniki.ru,unknown,$80.02,5d73c1f4-3516-4e21-b051-835e04e86492,Guinea,Guinea
451.0,Harmon Graybeal,example.com,02/04/2026,$392.44,Unknown,,Unknown
126.0,Tobi Stobart,goo.gl,unknown,$752.25,41d42874-5ac4-4f62-a8a3-1e293c981765,Georgia,Georgia
540.0,Daphne Mc Gee,xing.com,unknown,$480.95,c447b8a4-6740-45ec-a322-9d5cc7ce1cc9,Japan,Japan
544.0,Dionysus Duran,creativecommons.org,02/04/2026,$347.47,335e5eb4-db1a-4528-bb0c-8a4867339d0a,China,China
914.0,Noell Mordue,elpais.com,pending,$175.77,f45b0728-7217-45d0-96c6-a89e958bea34,Tunisia,Tunisia
89.0,Sky Quarles,discuz.net,2025/11/03 03:35:05,$389.34,e92bb8ed-e8ab-4007-a367-f9c36c4f9a92,Russia,Russia
91.0,Josiah Edes,blogtalkradio.com,pending,$129.40,fcb20651-36da-4370-8f1c-e68813ba4da7,Portugal,Portugal
663.0,Hendrick Bugs,joomla.org,08 Aug 2025,$547.47,97bada75-6739-4fb6-8d51-78a75f12d0d6,Thailand,Thailand
182.0,Dane Whisker,ucla.edu,unknown,$174.71,d91b73fb-4713-4b4b-8ce5-712fb78aed32,,Unknown
,Lorenzo Kach,blog.com,unknown,$356.14,60d7e8f1-b65f-4cde-89ce-d34b92a4b626,Uruguay,Uruguay
,Arliene Ridpath,youtube.com,03/22/2025,$345.98,cea2c545-1663-46be-919a-d2f760b1cdb7,Greece,Greece
275.0,Bennie Clitheroe,amazon.com,2025-04-01,$429.46,80de5c93-7959-4700-abf8-6856846d2c0e,Canada,Canada
108.0,Orelie Elden,uiuc.edu,09 Feb 2026,$340.74,209b725e-b792-43e0-b89d-c2845ebac89a,China,China
252.0,Cassandra Jansky,bbb.org,22 Jan 2026,$437.80,215f2dbf-2707-4296-ac82-b5a9003694fe,,Unknown
,Dall Lambswood,bigcartel.com,pending,$633.73,36368a5f-f6bb-4419-87b9-3d1710a71856,,Unknown
292.0,Kali Masserel,hp.com,2025/10/21 17:15:50,$192.64,Unknown,Brazil,Brazil
132.0,Marris Rumke,google.de,11/11/2025,$393.82,Unknown,Brazil,Brazil
301.0,Alison Juppe,symantec.com,pending,$645.08,5e53d6cd-23d8-45fe-9a85-7ac22d231d3c,,Unknown
821.0,Patience Brennenstuhl,twitter.com,04/27/2025,$742.04,9817bec1-1362-4853-8dae-6b8cabd0b372,China,China
327.0,Englebert Bacchus,google.com,pending,$311.30,f0934c76-ed34-438e-94d9-9fbf2c5b0d8e,Tanzania,Tanzania
145.0,Amelia Smees,theglobeandmail.com,2025-05-30,$295.87,22107191-b878-421e-95ff-9e9fb2039988,Ireland,Ireland
500.0,Chadd Lefever,whitehouse.gov,unknown,$421.11,10000526-2165-4ce3-bf57-e946d23d9db2,,Unknown
562.0,Delbert Armor,mail.ru,2025/11/28 18:04:06,$930.09,Unknown,,Unknown
977.0,Rosa Burdett,simplemachines.org,15 Dec 2025,$684.78,fa0ec1c7-9211-44bb-aa15-23d32ce4f66a,Albania,Albania
866.0,Egan Mcgorley,va.gov,2025/12/02 01:11:30,$224.03,89f995d4-c763-4d3b-86f6-344375d4d735,Indonesia,Indonesia
496.0,Dunn Tummond,youtube.com,pending,$291.00,a1a988d7-6178-4a9a-b59c-2098a6b081e4,China,China
339.0,Anastasie Fardy,wikimedia.org,2025/11/17 06:35:03,$276.32,016c2b71-6076-49fd-b086-f327c623ee80,,Unknown
,Kimberli Narey,howstuffworks.com,pending,$39.36,c29d465f-774a-497e-a031-31bd778902ac,,Unknown
,Ossie Orwin,github.io,12/13/2025,$813.25,d4b47f73-1f3a-4ece-8370-e190564201f5,Egypt,Egypt
29.0,Ethel Yatman,telegraph.co.uk,unknown,$497.70,23e414b7-00ca-47d4-8724-4fcb04de7a8a,United States,United States
517.0,Mei Dingivan,redcross.org,pending,$622.02,0cb254f6-93e7-45c4-a2d8-7590f6d0cc9e,,Unknown
,Gilbert Trye,chron.com,unknown,$693.43,f3ed0e5d-e6af-418d-89d0-208d0aa17ebc,France,France
962.0,Millicent Yashanov,home.pl,12/29/2025,$613.14,e760fbf9-fd0b-4afb-a5cc-84a5c8654853,,Unknown
170.0,Emelia Norwell,si.edu,20 Aug 2025,$809.45,e92464b0-207e-443d-aa8a-4226c7508646,Russia,Russia
,Mickie Izzett,networkadvertising.org,2025/08/11 01:18:22,$999.52,5c0928f7-9cfe-4d8d-98dc-3a75f363036a,China,China
174.0,Claudette Tyce,creativecommons.org,12/05/2025,$569.65,6e45a761-72bb-4644-a5ec-9ff2da4c56b7,Poland,Poland
519.0,Patsy Gowanlock,adobe.com,2025-03-21,$775.26,Unknown,China,China
768.0,Gram Fiddyment,un.org,pending,$358.92,dc24c6a1-1f02-4c4e-b8fd-81748ebdd426,,Unknown
590.0,Coralie Bennis,booking.com,2026-02-02,$505.26,fe65f939-fc81-49c6-a29d-945b0564a94c,China,China
492.0,Spenser Malam,ask.com,unknown,$159.17,b7c695b1-999b-4cf7-be4d-aa2e01c34d0b,Philippines,Philippines
,Avictor Brockman,odnoklassniki.ru,pending,$804.90,62502dbb-d092-4516-ae7c-d829cb06a6a4,,Unknown
97.0,Susanne Cummins,paypal.com,unknown,$602.31,Unknown,Vietnam,Vietnam
235.0,Essy Mcilvaney,usgs.gov,pending,$221.94,896674b2-9720-496e-84e2-96f28f280821,,Unknown
215.0,Mathilde Glascott,printfriendly.com,2025-11-14,$120.65,28fa7c79-7a92-4d0a-8474-e2deccd62b6f,China,China
,Marven Byas,webeden.co.uk,02 Apr 2025,$302.01,18a4febb-8fca-4d93-a445-10df9f16ca15,,Unknown
133.0,Clovis Targetter,vistaprint.com,2025/07/26 01:15:27,$622.66,244ab1e1-c2ad-40ba-b7cc-89b858e0f916,China,China
614.0,Flossy Mecchi,pcworld.com,04/16/2025,$812.96,ff0685ce-9a23-4711-84df-f39b832f7698,,Unknown
,Clarke Hutchings,hud.gov,11/15/2025,$285.66,a46b3a88-1d61-464e-81f8-c6b986c050a6,Ukraine,Ukraine
186.0,Antoinette Birtonshaw,nationalgeographic.com,12/01/2025,$852.41,bdd965be-30e4-4e20-a400-9114342fcdee,Japan,Japan
42.0,Peyter Caunter,webs.com,pending,$599.91,0284831a-bf1e-44b1-bba8-405def44d866,,Unknown
109.0,Zerk Balmer,google.ru,29 Mar 2025,$340.93,a3e6d75e-b9d5-4357-aec3-63b198e2a89a,Thailand,Thailand
709.0,Lora Emblow,pagesperso-orange.fr,2026/01/14 22:56:34,$476.70,97621819-5e99-4a59-a8c9-1ea0b566d451,Poland,Poland
549.0,Jeffie Connew,mlb.com,pending,$126.40,c0951851-b8f6-4b04-a7f2-103572f53ecb,,Unknown
833.0,Rosemarie Laweles,cisco.com,25 Aug 2025,$894.18,0657b835-2e16-4bbb-ae4c-0fd89f29e219,Albania,Albania
484.0,Hussein Lansly,webeden.co.uk,20 Sep 2025,$512.90,c2b3a42a-37e1-4008-a4bf-c23bb7b7f39a,Indonesia,Indonesia
469.0,Demetria Childes,samsung.com,unknown,$514.75,c0a47721-2b3d-46c4-b7ca-9eb90d0143a2,,Unknown
25.0,Olympe Deniscke,people.com.cn,17 Oct 2025,$608.79,f7686db3-8ef3-4b7e-96ae-289d48e05d3b,Brazil,Brazil
,Antone Coates,cornell.edu,10/03/2025,$282.66,a5189105-41f4-482b-8fe3-484d62332d2b,Brazil,Brazil
,Eirena Jocic,over-blog.com,pending,$964.34,efcd49ed-ac79-4436-9656-37237feec90c,,Unknown
632.0,Mozelle Paragreen,meetup.com,08/06/2025,$19.65,203200b4-b409-4d40-9b23-b5c9aea37079,Belarus,Belarus
913.0,Robby Pringer,de.vu,02/14/2026,$232.06,958a4610-a120-4049-bf71-dd949ee05bdf,Brazil,Brazil
367.0,Ailee Abry,reverbnation.com,pending,$647.35,d26fc0b0-7969-4de3-a540-4a2eebc67e81,Russia,Russia
440.0,Jolene Silvers,plala.or.jp,2025/10/18 19:08:27,$271.24,66a0f428-564a-4758-a3d6-c4e2573dd40e,Greece,Greece
384.0,Carroll Dudson,parallels.com,2026/02/26 18:00:49,$830.63,334aeab0-ece4-4adc-bbda-962a394e1235,China,China
,Celine Quodling,berkeley.edu,pending,$457.65,7a6aea94-914e-4fa5-a336-d55f9e130aba,Canada,Canada
265.0,Rogerio Mcdonald,illinois.edu,2025/04/22 05:55:02,$797.94,40c206cb-5253-4fd8-ba8b-199cabd13c75,Ukraine,Ukraine
921.0,Celia Hayers,t.co,unknown,$201.63,6b2f7954-11a2-4afd-a780-023a61f8df16,Brazil,Brazil
,Balduin Hast,goo.ne.jp,17 Feb 2026,$394.96,cd5e295d-2ccf-45a4-a3c5-62a0bc27c8c5,China,China
445.0,Tiler Cotte,lycos.com,09/14/2025,$555.87,345f4131-de5e-4160-a6da-a2686c610ec7,,Unknown
396.0,Ignaz Balazin,umich.edu,2025/11/06 21:11:27,$51.17,dc18d81c-4e71-4dc2-9524-fc632e483182,Ukraine,Ukraine
177.0,Pansy Bleier,washingtonpost.com,15 Sep 2025,$643.44,fe2426f8-7316-4093-b9a2-1198d8910039,China,China
19.0,Nicola Dumblton,twitpic.com,01/05/2026,$177.14,7054f7e4-6e4f-4b54-8ad1-d5398c31f178,Indonesia,Indonesia
211.0,Brig Lovel,cisco.com,unknown,$764.29,bfbccbda-09d7-4624-b360-6f7fbf773c10,,Unknown
,Diann Dee,google.cn,unknown,$329.41,849a2a08-f53e-462a-96e2-411626a59f8d,China,China
62.0,Brigid Davydochkin,ocn.ne.jp,2025/09/07 07:24:02,$935.92,c0f9f6e0-bbbc-4842-80f4-69234c58dccd,Syria,Syria
273.0,Lennie Erickssen,princeton.edu,2025-07-19,$874.38,7595815a-e014-45ff-90dd-11fe81296b1d,,Unknown
500.0,Chadd Lefever,whitehouse.gov,unknown,$421.11,10000526-2165-4ce3-bf57-e946d23d9db2,,Unknown
279.0,Whitaker Chettle,simplemachines.org,pending,$646.40,204fde14-920e-48a7-b66f-43d8b040238b,,Unknown
704.0,Jerrilee Frickey,miitbeian.gov.cn,pending,$821.05,b1b629fd-b18e-42fa-861a-8c6c26ea8989,Colombia,Colombia
369.0,Shawn Sprull,wikimedia.org,22 Jul 2025,$391.07,69238570-e439-4eac-a202-6b8d2553fbde,Indonesia,Indonesia
741.0,Dode O'Doherty,blogs.com,03/29/2025,$460.62,2b2517dd-5e78-47ac-afed-f6f701d0443c,Russia,Russia
24.0,Aubert Grebner,spiegel.de,2026/01/24 22:17:59,$235.33,a0fc6b92-ddfa-4ed0-b920-07d77ecf10b5,Indonesia,Indonesia
650.0,Broderick Goodfellow,google.pl,09/10/2025,$939.82,103d7f2d-55be-4e37-8245-82f2800fc69e,Belarus,Belarus
548.0,Billie Le Pruvost,miitbeian.gov.cn,pending,$368.38,0a103326-8dc0-4c49-ad83-6ebb764309c1,,Unknown
967.0,Filide Leadbitter,virginia.edu,unknown,$936.69,73e2db46-35bd-459b-903f-b09997cce6df,Haiti,Haiti
753.0,Kendre Dionisi,cocolog-nifty.com,2025/12/28 06:04:14,$96.42,63d68cda-f083-4f00-8181-e184f11e95e2,China,China
457.0,Kimberly Smaile,indiegogo.com,2026/02/06 20:39:52,$180.68,d5479627-7c58-47b6-b76d-6b83678e7b6a,,Unknown
394.0,Edy Crewdson,un.org,pending,$183.58,367e864f-ca4a-45ff-9bf6-87d5b80e130e,China,China
761.0,Dante Stockau,vinaora.com,14 Feb 2026,$109.57,eba29fa7-9e67-48d0-9371-077fbed26a67,Bangladesh,Bangladesh
802.0,Cordi Stivani,surveymonkey.com,unknown,$517.43,18475215-fb1d-4619-aa1b-807a12831895,,Unknown
376.0,Merilee Crosscombe,icq.com,10/16/2025,$203.95,e9251e52-6262-436f-b9cb-c7357ee5017a,,Unknown
413.0,Calla Danovich,prweb.com,03/08/2026,$772.47,cfc269a7-b525-4ba7-ba65-9fbc0914959d,Russia,Russia
75.0,Tabbi Folomin,wp.com,2025/12/24 16:47:27,$453.76,1f1263c9-1a4c-4364-b5ea-cfadc8a095d9,Russia,Russia
,Wallache Kaveney,java.com,29 May 2025,$15.70,2f2e408c-334d-4a79-8adc-9717b829b935,Nigeria,Nigeria
,Lavena Dwyr,chron.com,26 Jun 2025,$552.11,Unknown,Nepal,Nepal
876.0,Bonnee Crowest,cbsnews.com,pending,$996.48,bf8f0e53-cd5e-41c5-b815-01974bde8185,China,China
115.0,Ursula Whillock,wsj.com,2026-01-27,$671.98,01725d29-f2a2-45a3-aa83-343c1654514a,Colombia,Colombia
418.0,Dinah Rushsorth,tiny.cc,2025-04-09,$734.44,673f1ee6-2a35-4037-97dd-17115c22007b,Indonesia,Indonesia
90.0,Dyanne Wiggett,behance.net,2025/04/07 22:02:12,$653.88,Unknown,,Unknown
579.0,Hattie Feldfisher,aol.com,2025/03/15 02:11:38,$167.31,88edce23-fb93-4a86-ad91-45a496944d57,,Unknown
,Averell Cullip,cdc.gov,unknown,$996.06,fa090bb9-9b37-4a75-bba7-0ed558f36ad8,,Unknown
877.0,Ignacius Wenman,admin.ch,10 Jul 2025,$941.13,Unknown,Indonesia,Indonesia
737.0,Jayne Ivanin,biglobe.ne.jp,22 Nov 2025,$857.96,c76502b1-bfbf-4233-bf5c-bdff5cf631d6,,Unknown
12.0,Raddy Gittose,mac.com,unknown,$611.40,9c234188-ce3a-499b-a951-766dec7e8c36,Argentina,Argentina
397.0,West Djurisic,over-blog.com,03/02/2026,$159.91,702c9979-919b-4839-a3f8-a3e6341a2298,Ukraine,Ukraine
867.0,Warden Southam,facebook.com,2025/04/01 21:16:42,$849.31,Unknown,China,China
,Delinda Macnab,globo.com,2026-01-17,$123.70,25ed3919-3e45-40a0-a1af-c7c53f034d59,Tajikistan,Tajikistan
43.0,Winona Luscombe,digg.com,2025-07-12,$97.69,c8ce1e3c-1cce-4d80-a76e-9882e977c2ba,Colombia,Colombia
168.0,Jard Diggar,simplemachines.org,07 Aug 2025,$109.36,2cb64fc2-0e40-474f-9684-d4badfe5bd37,Saudi Arabia,Saudi Arabia
417.0,Suzy Theuff,microsoft.com,08/08/2025,$685.86,d9386001-0631-4913-b3a2-ba9cc158da8c,Brazil,Brazil
577.0,Gerrard Woollends,dyndns.org,2026-01-23,$266.36,05855a02-41d7-4390-9ece-40da721ef1ce,,Unknown
901.0,Ferne Ede,rakuten.co.jp,2025/05/03 23:48:43,$660.85,14efe3fe-9c1c-4b85-88d5-244425b7391b,Russia,Russia
427.0,Kaylil Baldock,slate.com,09/02/2025,$892.54,7b5b48fb-ef49-46ba-be00-aa9cad0c046c,,Unknown
545.0,Emmie Cayet,mapquest.com,2025-07-13,$481.00,8b5c536f-7d36-4547-b3f7-dcc3135569d5,,Unknown
347.0,Dru Logie,topsy.com,2025-06-20,$296.85,8173fdb8-514d-47f8-a731-01570c109071,Portugal,Portugal
,Rupert Gascard,umn.edu,2026/01/17 04:04:46,$135.20,949a2354-2146-473a-93a6-ba2bd94f335e,Poland,Poland
817.0,Broddy Kivell,ft.com,unknown,$447.63,a746d6c4-4289-4e39-bca6-bc230f31ac9f,Philippines,Philippines
,Sollie Castanaga,europa.eu,2025-04-13,$600.02,Unknown,Brazil,Brazil
258.0,Rockey Gorringe,wikimedia.org,pending,$259.99,2c48823a-0f97-45d4-9554-6dec8ab7753a,Ukraine,Ukraine
336.0,Karlotte Gianelli,archive.org,05 Feb 2026,$53.17,c6fd6cac-b4cd-41c2-8b3b-b3b0960d7836,Finland,Finland
16.0,Glory Cocker,bluehost.com,unknown,$213.74,b00055e8-dae0-4cf5-9473-aab7271612b3,China,China
755.0,Ellen Beldan,home.pl,2025-08-09,$805.50,8f4eab2e-1160-41d7-97cb-ca0ccb39bd86,Tajikistan,Tajikistan
325.0,Dotti Tukely,wikipedia.org,02/12/2026,$351.19,87760688-c144-4ead-8917-39acd3edb189,Venezuela,Venezuela
,Rina Mordecai,youtube.com,2025-10-07,$956.52,bbe3d08c-6651-44aa-ac7d-ed8350969db9,,Unknown
903.0,Ilse Blenkinsopp,elegantthemes.com,unknown,$635.62,1e44aae8-cedd-4405-a3cc-cdf414f9f700,Indonesia,Indonesia
223.0,Jillie Dosdale,columbia.edu,pending,$485.77,67a2c574-5174-4a29-95b1-3a1084be1c94,China,China
180.0,Lillian Aberdeen,youtube.com,pending,$511.86,a08504b3-5d32-4195-80ae-a2233b0b0ace,Brazil,Brazil
100.0,Glenine Budik,timesonline.co.uk,2025/06/07 01:59:36,$65.74,7f3b346b-1ff5-4b57-8caa-ef926c26c365,,Unknown
522.0,Karlotta Sandys,ask.com,10/05/2025,$201.47,fd978fce-9a60-4bfa-8298-71096518eef7,Tunisia,Tunisia
23.0,Dulciana Goult,sohu.com,16 Apr 2025,$966.29,8bb640b8-b428-49ac-9068-3d8b845f9b21,Thailand,Thailand
357.0,Mariele Worthy,umn.edu,2025-10-25,$756.65,ab9b48bd-288a-44df-9c99-368ef43beac7,Pakistan,Pakistan
799.0,Katina Blitz,home.pl,15 Dec 2025,$310.16,86b6916f-3e7c-4387-b0b7-f373877f5c00,,Unknown
550.0,Addy Pert,huffingtonpost.com,2025-08-27,$288.30,98e0c445-d3f2-49b6-b735-f2e6d5a21d35,Kazakhstan,Kazakhstan
612.0,Jeffy Alman,xinhuanet.com,14 Feb 2026,$21.02,597d6974-c948-46dc-9f4f-4a77112b2af0,China,China
838.0,Fax Dewane,oracle.com,2025-03-20,$711.64,3b01e433-7d4f-4e7a-baaf-f82d715a1edf,Indonesia,Indonesia
341.0,Sayers Chesterfield,unesco.org,unknown,$734.56,17c92bd8-539d-442a-9a22-be97c215c50c,Norway,Norway
432.0,Anders Berrey,theglobeandmail.com,2026/02/06 19:14:56,$644.93,5898e421-99f2-4788-9144-a07d4de83a11,Canada,Canada
658.0,Gilberta Conti,arstechnica.com,2025-08-19,$170.20,3f1eb4e7-a8ba-41ea-ae15-2b4519b6796b,,Unknown
988.0,Xylia Pavlasek,noaa.gov,pending,$101.71,397417f0-f1a4-4fc3-bae4-5afc5bc49d6f,,Unknown
204.0,Martie Mucillo,g.co,pending,$115.98,2de05707-719b-40b7-8de4-1c289d0ccbb5,Russia,Russia
757.0,Rebekkah Rookes,jiathis.com,2025/08/02 14:00:31,$42.79,e7b6afac-d78d-4a26-b73b-f83deacfb159,,Unknown
,Orlando Blackden,xing.com,unknown,$719.13,845ded7f-17b6-428b-9d45-9c5a25452729,,Unknown
383.0,Row Stoves,ameblo.jp,unknown,$216.02,d1ad7915-26c3-4296-b221-a635a17b15db,,Unknown
69.0,Darlleen Futcher,newyorker.com,10/19/2025,$131.25,0ac59c9c-2211-48f6-b4ef-a0b5fd5d393b,Indonesia,Indonesia
67.0,Paolina Renzullo,gov.uk,04/21/2025,$334.87,65feae0c-acfc-49a6-bc52-085dbe62f3d0,Armenia,Armenia
285.0,Conny Mangion,dagondesign.com,unknown,$508.87,06a2f3fd-5a8f-4667-83d6-8430c21fd4c7,Portugal,Portugal
953.0,Angelle Condy,freewebs.com,2026/01/09 22:09:26,$950.76,4387c69a-54a7-40ee-ab61-3f7c79f70436,Mexico,Mexico
435.0,Trixi Elsop,abc.net.au,2025-11-04,$98.43,ccc0f2cb-02af-4555-bcc8-738ecccb8620,Canada,Canada
154.0,Carolan Derry,topsy.com,unknown,$577.56,8763ad1e-62e2-4d55-b3bd-a0cb8e88e454,North Korea,North Korea
76.0,Abe Marqyes,simplemachines.org,unknown,$401.17,9c094e9b-ddb4-491a-af31-e996a5049860,,Unknown
873.0,Florian Rentoll,qq.com,pending,$385.22,91def8c2-6e24-4dc0-8c7c-d1d129166c98,China,China
581.0,Moselle Ferebee,friendfeed.com,2025-05-07,$896.79,4f930c92-8484-40d3-b489-44a7beb62bf8,Indonesia,Indonesia
447.0,Bonny Radin,google.es,2025/06/08 20:13:36,$84.06,db2341d2-4ef8-41bc-8146-cafb9efa9e0c,Indonesia,Indonesia
189.0,Bay Treadgear,amazon.co.jp,unknown,$11.45,4c40163c-5b0a-43fd-b69b-dbb2b53b7d73,France,France
272.0,Bryanty Davidsohn,time.com,2025-06-22,$272.70,9cd9c5eb-c088-41a2-8b0b-db5640f67323,Philippines,Philippines
237.0,Mischa Caghan,paginegialle.it,2025-11-15,$558.44,e7d25ab4-5615-487b-ab1e-43eb9b7b27df,Ivory Coast,Ivory Coast
488.0,Flore Nast,ameblo.jp,11/11/2025,$412.43,Unknown,,Unknown
605.0,Chrissie Keeping,ucsd.edu,2025/07/11 13:56:45,$305.71,abb9575c-b86c-4e40-bec0-9ea60513e82e,Mexico,Mexico
560.0,Judith Lidstone,howstuffworks.com,08/16/2025,$803.96,621bb605-9465-401e-8ec0-7fbcba71210d,Russia,Russia
118.0,Deane Twydell,devhub.com,26 Jan 2026,$614.72,96609bed-70d1-4c1e-9e17-7ecf174010fa,China,China
,Genia Vaan,google.ca,unknown,$294.51,c3c6dce3-aab4-471d-92c5-0d9cab11a8c3,,Unknown
969.0,Camey Meco,privacy.gov.au,09/27/2025,$152.78,8336f2ae-160d-49f3-af6c-cd8128d0ce91,Indonesia,Indonesia
513.0,Bailey Knotton,jugem.jp,2026/02/28 14:00:02,$843.72,d3607135-019b-401b-9548-81474bf4f01d,Kenya,Kenya
,Lonnie Berryann,google.co.jp,2025-06-20,$361.85,eb1bbf2e-237e-4521-ae01-754b19428787,,Unknown
849.0,Kara-Lynn Fewkes,domainmarket.com,2025/08/13 05:05:00,$823.06,Unknown,Bulgaria,Bulgaria
1000.0,Aindrea Knapman,yolasite.com,pending,$567.73,80cd1b79-8aea-4625-b31e-48b36a96b44f,Ukraine,Ukraine
712.0,Huntley Jeannard,ox.ac.uk,unknown,$664.81,0dae0a98-5f7a-4cae-8492-95c6b65f0ba3,,Unknown
127.0,Muhammad Gueste,mozilla.org,10 May 2025,$557.52,b7ea3fed-6e9f-4b08-9ebc-3c64f865e1f1,Indonesia,Indonesia
,Dulci Pettingill,etsy.com,13 Apr 2025,$600.39,c499bc5d-2138-4bd6-9ca5-a55d4df2a530,,Unknown
474.0,Karin Dyson,miitbeian.gov.cn,10/19/2025,$184.65,Unknown,Lithuania,Lithuania
826.0,Leonanie Clail,bandcamp.com,2025-07-26,$175.29,3f568cd8-729e-4a8a-8f42-5b26f242b037,Guatemala,Guatemala
,Catlee Lindro,miitbeian.gov.cn,2025/03/20 15:23:34,$286.31,08a33bf9-7094-44d3-a71c-e22b133d7846,Afghanistan,Afghanistan
604.0,Ingemar Ennew,ihg.com,2026-02-22,$89.45,c1da1fe6-8159-48f3-a854-5a74a2c6174e,,Unknown
899.0,Tremayne Comben,google.com.au,2025-09-29,$683.42,39f1292f-f856-4de5-83f3-0d7adae12b55,Indonesia,Indonesia
657.0,Andrey Cornock,google.de,12 Mar 2026,$877.31,89394df1-1795-4c45-9ecf-1c19af6c4554,Indonesia,Indonesia
756.0,Herschel Twiname,youtube.com,04 Nov 2025,$349.82,4dd23909-3e6f-4adf-b582-6f5df8bce598,Brazil,Brazil
106.0,Katya Twinbourne,friendfeed.com,05 Nov 2025,$967.84,79545cbe-4c5e-4a89-92f9-5a3bf43cc6bc,Indonesia,Indonesia
636.0,Bowie Castiglioni,ow.ly,unknown,$23.33,b5989725-21a6-4760-8752-a712af091f6e,France,France
370.0,Dudley Ovenden,over-blog.com,24 May 2025,$21.97,6afd62da-0ca0-49ef-9f5d-cdd00383161b,Nigeria,Nigeria
269.0,Roosevelt James,google.fr,04/15/2025,$326.70,94524b96-9dd9-453f-a085-a2cb011230d3,,Unknown
,Lianne Macgillavery,macromedia.com,05/16/2025,$106.06,63dfe7a2-7c14-469d-9ebf-68190756bc34,Russia,Russia
47.0,Yovonnda D' Elboux,wiley.com,unknown,$228.71,73d4992c-8695-4d3e-9c19-bef0895250da,Portugal,Portugal
350.0,Nappy Rigby,who.int,03/20/2025,$135.35,e4cd4f89-d1e2-43c6-95b2-b8b35a53fcf6,France,France
196.0,Wheeler Bedminster,desdev.cn,2026-02-14,$185.13,42a339e9-a4c7-471f-a847-20f38c908666,,Unknown
103.0,Humfried Travers,seesaa.net,2026/02/18 17:14:45,$441.55,ef5359ce-12fd-4c56-a09f-600e30fe2132,China,China
989.0,Jeannie Marchiso,seesaa.net,unknown,$936.46,848c6e64-b578-47a0-ac6e-3d5e608cba61,,Unknown
944.0,Viole Dibden,google.com.hk,03/03/2026,$957.34,0d3feb29-5603-4088-9185-6f072dc3cbb3,Mauritius,Mauritius
,Reuben Slessor,hao123.com,2026/01/22 09:54:57,$436.69,ab1d3646-7222-444e-b92d-270b11e585dd,Dominican Republic,Dominican Republic
,Jaye Keeley,t-online.de,pending,$702.91,bdf7b053-a1d7-48ba-bb24-4eb22b59e999,Russia,Russia
264.0,Felizio Aldersey,princeton.edu,unknown,$999.50,7a6e829c-e27f-4c6c-aeb9-6cbd8bd6944a,Poland,Poland
895.0,Chase Goldstraw,artisteer.com,22 Apr 2025,$266.86,d534a866-39a7-4386-a15a-479ae902cfa1,,Unknown
444.0,Dru Fraine,oaic.gov.au,08/05/2025,$91.11,245e99b0-22de-4078-8fbe-2586237b5fd6,China,China
808.0,Tally Maudett,tamu.edu,08/29/2025,$807.10,0ede18a1-e13f-4b0f-85cd-0a905ba87593,Peru,Peru
305.0,Allyson Babon,dell.com,2025-08-16,$701.59,64032012-80b2-4f14-bc68-b8b1091f1d62,China,China
342.0,Marilyn Huddleston,360.cn,05/20/2025,$797.27,76094d99-6619-43b2-ac20-8ae8c20033f6,Indonesia,Indonesia
723.0,Granger Snoad,nyu.edu,08/07/2025,$541.16,8e6d63cb-825a-47f6-a78f-09bf654361ee,,Unknown
314.0,Heidie Camoletto,sciencedaily.com,05 Nov 2025,$597.87,e2a80f9b-3276-43e1-b245-38bbfcb4f66b,,Unknown
150.0,Chevalier Scurrer,51.la,2026-01-12,$532.58,efc7ec71-3b7c-4a62-9ad9-1dbf4ef78a9c,Portugal,Portugal
125.0,Mitchel Dulson,utexas.edu,pending,$340.79,6d95b0a8-4a18-499d-8669-2e883d6a4b5e,Portugal,Portugal
934.0,Allyn Mcnellis,aboutads.info,08/15/2025,$798.41,87e9bbea-989a-4b08-a740-e22a3b4fd4a2,Peru,Peru
974.0,Barbey Kynaston,wordpress.com,2025/10/16 15:35:47,$468.57,fc88b955-39a4-4331-bc95-fb6a57576d2a,Sudan,Sudan
665.0,Cristionna Akerman,newyorker.com,2025-03-26,$693.57,175d1e85-2b67-44ac-8ecf-5e625ba209a2,Libya,Libya
,Yule Fancutt,canalblog.com,19 Oct 2025,$94.97,15d3a652-e592-499a-ba23-e406ae11d8fe,Portugal,Portugal
354.0,Saraann Dohmer,forbes.com,04/25/2025,$307.76,37f282f1-51f4-48d9-a36f-ad2c048d7ea9,China,China
11.0,Marve Cookley,tiny.cc,09 Aug 2025,$300.53,Unknown,Sweden,Sweden
,Issie Sauniere,wikipedia.org,unknown,$165.42,a9288adb-e855-4795-877d-89e21af82fd1,Indonesia,Indonesia
471.0,Atlanta Seivwright,sbwire.com,unknown,$337.85,88b1e7d0-f6da-457b-91b8-8de2f9fac74f,Russia,Russia
654.0,Davidson Brumfitt,bandcamp.com,pending,$407.75,f287de16-3792-4f03-8dc4-5e60e0daf8c1,China,China
,Levey Storcke,discuz.net,unknown,$396.80,8e2d8ffb-c56c-4bf1-b1ac-d25833c6db95,China,China
751.0,Anita Cressingham,w3.org,unknown,$254.11,241cae9b-5ccf-4a45-a833-449be8f97ab8,Brazil,Brazil
321.0,Bunnie Edes,paypal.com,2025/06/13 21:42:50,$484.35,756475e6-0fb3-47d9-9da9-8853e51ca891,Russia,Russia
20.0,Edi Canfer,artisteer.com,03/25/2025,$832.84,58731b69-15ee-425e-9458-896810e8fac3,Indonesia,Indonesia
685.0,Truman Paridge,deliciousdays.com,pending,$868.18,7ff20b3a-1b42-489c-be13-5a66926a4b15,China,China
,Kevin Ferrarese,ezinearticles.com,2025-11-23,$685.17,d14ff102-bb11-46c6-9ccc-cac6e69806e5,,Unknown
938.0,Abbe Leghorn,mozilla.org,2025/10/19 21:03:11,$502.16,baa6ed1b-0bef-438e-9be0-ad8bda21f9da,Brazil,Brazil
,Paula Grunnill,springer.com,2025-12-22,$449.62,43c9c27f-edb1-485d-9743-8564e6902a40,Canada,Canada
,Lars Dennett,amazonaws.com,2025/12/15 07:50:19,$819.60,90532a17-26b8-48bf-b4ee-7192cf06cf07,,Unknown
538.0,Jacklyn Lamblin,foxnews.com,2026-02-07,$614.86,d7fa4f13-4c88-4f57-8200-1a4e122a7be7,France,France
950.0,Jedidiah Longworth,geocities.jp,pending,$174.68,2943e1b1-3880-4cb1-9324-34adc18c1803,Poland,Poland
746.0,Marielle Macalaster,bizjournals.com,18 Aug 2025,$333.70,b09fdbef-766e-4955-bc82-dffa26d2b5a5,Malaysia,Malaysia
39.0,Malchy Akrigg,mysql.com,09/07/2025,$18.74,6b81ba74-207c-4ccc-85ce-5d5ccaab8bc1,,Unknown
176.0,Saxon Brookton,ehow.com,2026/02/01 12:14:22,$937.76,c9eaa855-6f58-4199-98f9-047d37460e4c,,Unknown
246.0,Standford Petrollo,taobao.com,12 Apr 2025,$607.82,3b5d9a52-25dc-49fb-8466-7486b75b357c,Indonesia,Indonesia
982.0,Rhys Darrel,who.int,pending,$644.66,Unknown,China,China
800.0,Guntar Schneider,bandcamp.com,07 Jul 2025,$474.80,ede1cce1-d541-4b1d-85df-9c5b1bc7037d,Poland,Poland
,Marris Dumberrill,cocolog-nifty.com,2025/08/31 13:54:11,$507.80,d5b4ab5b-d3cc-466c-bc29-45794c36c7c4,Kenya,Kenya
884.0,Starla Leggitt,yellowpages.com,11/29/2025,$142.42,54d8ca4b-b87e-4f07-b796-b328fa483865,South Africa,South Africa
155.0,Prisca Maceur,bandcamp.com,pending,$340.43,8f412506-32db-4b3a-9172-4011fa387920,Colombia,Colombia
639.0,Sherlock Halbard,flickr.com,04/23/2025,$129.30,497adef1-9158-4cc0-8fe1-ba4101317c60,Tokelau,Tokelau
663.0,Hendrick Bugs,joomla.org,08 Aug 2025,$547.47,97bada75-6739-4fb6-8d51-78a75f12d0d6,Thailand,Thailand
288.0,Reyna Vanyukhin,domainmarket.com,12/04/2025,$35.79,a83eb97a-4e5a-48e5-911c-c64d31fab1c8,China,China
626.0,Zebedee Tutchell,nature.com,pending,$594.92,51055f53-8a5c-46ff-8e8d-235bfa66db5d,Liberia,Liberia
686.0,Marcellina Royan,stanford.edu,2025-04-26,$96.83,8c7d17c4-9b82-4dea-8cd6-a958dd2b5ff4,Russia,Russia
727.0,Reed Grove,cnbc.com,02 Apr 2025,$436.42,438ab072-581e-4ad4-89ca-ce060e940efb,China,China
570.0,Andie Geraudel,github.com,09/21/2025,$71.99,87c55db2-4f3e-47cd-b4b1-3a9240e49855,Mexico,Mexico
887.0,Grange De Roberto,tinyurl.com,unknown,$580.13,154760fb-c868-449a-bb24-7751ac6187d3,China,China
18.0,Rudyard Spaxman,mediafire.com,2026/02/20 07:48:27,$440.73,fea9d2b8-b847-4bc2-9fa3-e602cc090f06,Iran,Iran
128.0,Kevan Clements,psu.edu,2025-03-15,$455.41,011e5f21-7816-41d8-8629-6167f58683df,China,China
323.0,Fidela Van Der Son,stumbleupon.com,2026/02/01 01:03:35,$794.78,1e3d11ef-d9cb-49fe-95be-fe4a5d67172f,,Unknown
256.0,Felicio Bools,nature.com,09 Jun 2025,$313.34,6c3fabae-1fa1-4acc-912f-3d34f57e65a0,Honduras,Honduras
787.0,Riki Cammiemile,google.nl,03/26/2025,$982.82,5a163bfa-e5a5-418f-a312-f5a6b865d6c9,,Unknown
276.0,Chas Salmon,go.com,2025-07-07,$641.04,059aad3b-d2ce-40da-b8d4-556664b5020e,,Unknown
191.0,Orella Scaice,reference.com,2026-02-11,$710.83,34b68a6b-50ed-4956-a4a0-909312cdd20c,China,China
,Concordia Northbridge,pen.io,2025-03-20,$671.05,3c979c5a-8cfd-4003-a5e9-9c92e69612ab,China,China
40.0,Aimee Grece,howstuffworks.com,2025-09-04,$208.42,05f8e0ba-c7ef-450f-85f0-88a8d35f937b,France,France
742.0,Leopold Louis,ifeng.com,04/07/2025,$549.40,Unknown,,Unknown
607.0,Erhart Jacobssen,github.com,2025/10/23 18:25:26,$784.14,c8ac8eb1-10db-4004-9636-26b72ced4a70,Indonesia,Indonesia
,Charles Mc Trusty,huffingtonpost.com,11/25/2025,$887.06,8a27afb7-cbcd-4000-ad73-797700efe70b,China,China
302.0,Say Scraney,msn.com,pending,$168.60,325d813f-4216-4674-8c7b-fa4ed16ea54a,China,China
904.0,Ulla Parkyns,yolasite.com,26 Aug 2025,$101.60,5f5012b9-b4b9-43b2-b375-e02a8ca911a4,China,China
851.0,Sutherland Cluely,ucla.edu,06/29/2025,$551.06,ecc9489b-49ac-4751-8c03-412f452f0976,,Unknown
973.0,Denni Frankiss,goo.gl,13 Oct 2025,$416.47,4bbca489-5ed0-45b0-aed5-ef3e11dfd85d,,Unknown
818.0,Arin Coutts,google.com.br,12/23/2025,$676.24,c31d40ad-de99-4f0e-96ab-e898bd9b4c79,Thailand,Thailand
794.0,Prescott Von Gladbach,illinois.edu,06 Feb 2026,$219.72,dfb677ba-2c4c-4a66-8093-214e8b6706be,Switzerland,Switzerland
518.0,Giovanna Bysshe,blogtalkradio.com,2026-01-17,$854.68,64924e3a-b696-470a-a232-d2f9a8c87145,Mexico,Mexico
,Mira Gorcke,reference.com,pending,$910.74,02d1b31d-05c6-4ca6-8b0b-5cb68e4ed7c7,Ukraine,Ukraine
46.0,Therine Spalls,hhs.gov,unknown,$679.89,cf7dcd10-7b66-474d-9315-e6ffd3519711,Philippines,Philippines
477.0,Cordie Mcmillam,google.ca,unknown,$230.05,390a9ccb-e328-45af-9732-a27ad88f4010,Portugal,Portugal
158.0,Mallory Linder,home.pl,pending,$398.97,Unknown,,Unknown
888.0,Dorthea Rays,canalblog.com,pending,$855.92,80d1e731-399e-467f-99ac-8af257b822f5,Poland,Poland
,Anatollo Gennerich,moonfruit.com,30 Dec 2025,$605.65,47c813e3-4e78-479f-b0bd-675fa5790a17,Indonesia,Indonesia
17.0,Edgardo Dobson,nba.com,10/21/2025,$886.18,7acd05e6-1838-4885-953a-2c9700caa943,Greece,Greece
512.0,Kip Domengue,xrea.com,unknown,$937.87,e4cbb190-cf54-4463-b176-73ce5cbf1acf,,Unknown
49.0,Waiter Jedraszczyk,slashdot.org,unknown,$482.57,82b6df31-ce99-4e63-8810-6a453a9cb62d,China,China
192.0,Earlie Calvie,ucoz.ru,2025-10-29,$673.08,1584b541-6162-49e3-a3ed-af054992c303,,Unknown
997.0,Dewey Kiezler,theguardian.com,2025/09/12 04:49:51,$429.80,35501f41-3b45-4ade-a242-3dd61ed62bf6,Kosovo,Kosovo
516.0,Collin Dinse,bandcamp.com,pending,$821.16,35b19351-7021-4f0d-a956-a0d4db89e708,China,China
813.0,Pate Standbrooke,prlog.org,01 Jul 2025,$639.77,ce864b47-bf3a-439b-9a5e-7fa2608ab649,Indonesia,Indonesia
917.0,Justine Gimenez,ustream.tv,2025-09-16,$301.91,196c33f4-5124-4bdd-8f0d-ce7078eeba27,Poland,Poland
481.0,Courtney Shalloe,oaic.gov.au,08/01/2025,$258.39,bf8b1693-4ef3-443d-bb48-97637cb17db3,France,France
284.0,Hamish Rogerot,senate.gov,pending,$120.09,501cd76f-dd92-45f3-918d-32f05a339871,Peru,Peru
,Duff Lugden,aol.com,2025/12/10 21:34:57,$95.24,ab682ff2-9e70-4dd3-8658-d97ffb537dd4,,Unknown
784.0,Langston Caselli,house.gov,10 Jul 2025,$685.02,e92fe7f8-11e4-43d5-b710-e0254d20905a,China,China
226.0,Samaria Plant,jugem.jp,10/25/2025,$897.18,fba3fe68-bdf9-45ff-a74a-9e5ea9fc1458,Brazil,Brazil
27.0,Annmaria Willicott,tripadvisor.com,unknown,$262.00,aa96f529-3849-4254-bab7-dd6a2e6d8112,Greece,Greece
,Rosabella Gianolini,go.com,unknown,$709.55,dd654c41-2ca8-48e2-ba18-0e4c48ffe215,France,France
438.0,Bartram Frusher,storify.com,07/27/2025,$667.08,2fd7b377-6c3c-4175-a25a-b1a2017dc46e,,Unknown
494.0,Thorndike Corless,yale.edu,unknown,$714.45,47a83669-6010-4d98-bd8e-d718d5b661ea,,Unknown
,Raye Costard,blinklist.com,2025-11-04,$591.25,d97c73ea-acfc-459b-83cf-6838e5138e3b,,Unknown
,Ray Roskelley,creativecommons.org,05 Jan 2026,$997.43,9f2030ba-3c2e-410a-a4f8-6294c0aa7262,,Unknown
,Cliff Kopelman,java.com,2025/06/24 02:51:32,$19.29,Unknown,Finland,Finland
670.0,Khalil Torregiani,ft.com,20 Aug 2025,$763.38,2fe9dbd6-9fe7-4292-b378-eaaea4037069,China,China
750.0,Lodovico Kanter,list-manage.com,2025-09-07,$409.78,cf6fda90-c486-4031-9f0d-06aaef180bdf,,Unknown
68.0,Fidelia Barbe,bing.com,unknown,$484.42,b26f9246-9d83-4010-83b9-efa687c39c11,Sweden,Sweden
375.0,Ruddie Dalloway,odnoklassniki.ru,unknown,$182.99,84fa73b3-d3fa-412c-aee3-34e6e02c32b6,China,China
470.0,Arron Sangwin,addtoany.com,2025-04-09,$486.91,d38cd137-c586-4be7-bf01-1fa6a4b9a424,Brazil,Brazil
319.0,Jeane Newband,wunderground.com,pending,$330.71,47d6aed6-b44a-484f-b9ad-ef2d565c1ae5,China,China
688.0,Merola Lyffe,wikia.com,unknown,$375.15,744bb2fe-a684-40d5-9742-21cec48943c8,Philippines,Philippines
860.0,Jasper Thornebarrow,noaa.gov,01/02/2026,$264.80,6c98aaf3-0e83-43c7-aca8-ef01392c8cd8,Indonesia,Indonesia
618.0,Jeana Javes,ucoz.ru,2025-08-25,$656.84,251aeb95-ad4b-4891-989f-248d65dc7f8f,United States,United States
867.0,Warden Southam,facebook.com,2025/04/01 21:16:42,$849.31,Unknown,China,China
195.0,Jaquith Etchells,seesaa.net,2025-11-09,$560.78,19f9a0f2-4c1b-4e5b-9e28-942f1707fc83,Mongolia,Mongolia
974.0,Barbey Kynaston,wordpress.com,2025/10/16 15:35:47,$468.57,fc88b955-39a4-4331-bc95-fb6a57576d2a,Sudan,Sudan
528.0,Rosana Marrian,globo.com,unknown,$284.65,Unknown,Argentina,Argentina
504.0,Edgard Beumant,globo.com,pending,$273.84,0057163f-9bc3-4391-abd8-b6ff5867cb77,Sweden,Sweden
549.0,Jeffie Connew,mlb.com,pending,$126.40,c0951851-b8f6-4b04-a7f2-103572f53ecb,,Unknown
985.0,Lavinie Sames,uiuc.edu,unknown,$1.73,4b59ab28-c6b6-433a-b835-85850a2bfa87,China,China
580.0,Ashlin Hellin,altervista.org,pending,$143.17,3b2c1326-b5c4-406a-9724-bd94b580733a,,Unknown
161.0,Aveline Battie,ucla.edu,12/13/2025,$712.86,16823d84-d987-45c6-a3a6-16b1594c51ab,China,China
681.0,Cynthy Kennerley,tinyurl.com,08/19/2025,$910.12,83f7d104-d17b-4b1f-bee2-df0efcebf107,Poland,Poland
585.0,Miguela Baildon,hc360.com,2025-11-11,$243.17,5378c6e4-e6b7-4915-8392-28ae8e743973,South Africa,South Africa
163.0,Jori Kondratenya,youtube.com,pending,$687.59,000f6390-eb3c-427d-9192-6f71fc6775e0,San Marino,San Marino
706.0,Sullivan O'Donnelly,gravatar.com,03/16/2025,$534.19,21a54903-7de1-4d0c-bf02-957207278ead,Indonesia,Indonesia
863.0,Prue Whitsey,privacy.gov.au,2025-11-11,$94.51,b3a02aa3-4506-40c2-9630-cdb7f5f8cc42,Afghanistan,Afghanistan
153.0,Jannelle Duchan,newyorker.com,2025-10-14,$641.48,9c650624-bac9-4785-9746-1a63b42adae5,Iraq,Iraq
814.0,Felecia Crees,uiuc.edu,2025/05/28 22:28:43,$290.52,1d72e829-274a-46cb-b019-5d0d33927a18,Sweden,Sweden
834.0,Seth Bridgens,eepurl.com,28 Jun 2025,$801.74,8c7fc455-0663-4588-a202-bc79bf6f6a68,Cuba,Cuba
968.0,Joyce Brandon,goo.gl,unknown,$874.18,a524ed23-6f47-43e3-ab1c-fa0f13b3f61e,,Unknown
112.0,Maryl Redbourn,soundcloud.com,2025/03/17 03:59:15,$827.42,83ae6706-d401-45c1-90b1-d44700c1225a,China,China
227.0,Torr Moores,geocities.com,04/06/2025,$897.70,9409d50b-c1da-4a44-bb9e-4e6057651fce,Guatemala,Guatemala
821.0,Patience Brennenstuhl,twitter.com,04/27/2025,$742.04,9817bec1-1362-4853-8dae-6b8cabd0b372,China,China
104.0,Son Mendel,360.cn,2025/07/15 11:45:21,$397.11,3c4899b6-4912-419d-8911-ec4f529d310f,Mexico,Mexico
422.0,Ange Begwell,storify.com,13 Nov 2025,$909.00,afd9f609-a1d5-4012-a0ab-c89427da026b,,Unknown
420.0,Vito Booth-Jarvis,unc.edu,06 Sep 2025,$200.37,bbe98ea7-fcc1-45b6-8205-b25d0caffb77,Portugal,Portugal
894.0,Ethelred Louder,netscape.com,2025/09/24 07:39:44,$807.17,1c116564-a8e7-4984-bb71-fae6dc9c3412,Indonesia,Indonesia
587.0,Rab Shorrock,nba.com,06 Apr 2025,$139.12,a540cdec-9689-4ada-ac35-d6d8a6414ef3,Japan,Japan
928.0,Tye Chalcot,mlb.com,08/19/2025,$839.76,Unknown,Croatia,Croatia
,Ingmar Martinolli,bloglines.com,10/07/2025,$282.72,643b08e5-0918-4d70-beb7-1eae31404a0a,China,China
120.0,Aldin Scuffham,unesco.org,2026-03-02,$612.66,02489289-e959-4007-a98e-28ab770ccd58,Uzbekistan,Uzbekistan
54.0,Crysta Theobalds,studiopress.com,20 Feb 2026,$657.32,06114ed4-3b49-4932-b6f7-cdc1a5aa004e,China,China
152.0,Craggie Mavin,reddit.com,01 Oct 2025,$583.07,87432677-f9d4-4f6a-bfaf-3d7e3d59ccc3,Poland,Poland
404.0,Amie Hatterslay,tamu.edu,unknown,$594.34,2076ed3e-fbd8-43e6-bdf2-3c345074e862,Spain,Spain
452.0,Miguel D'Antuoni,google.de,07/08/2025,$37.11,a3409e3b-1fe0-4fb2-b97f-f9961232271b,China,China
208.0,Inesita Cantu,paypal.com,unknown,$834.35,c1cb70d0-ef4d-4955-8040-631cb8e40bae,,Unknown
659.0,Westley Sauter,auda.org.au,2026/02/28 22:55:55,$8.93,a56c3beb-724e-4076-a615-8c80779866fb,Finland,Finland
,Sollie Castanaga,europa.eu,2025-04-13,$600.02,Unknown,Brazil,Brazil
908.0,Mechelle O'Corr,samsung.com,12/05/2025,$239.79,35c6e428-4e0c-4bc0-a1f7-77fc87271fc3,Namibia,Namibia
9.0,Mahala Cromie,oakley.com,pending,$224.48,0e51ab85-4b8a-4520-a9d9-a6e928fab670,Poland,Poland
957.0,Erny Gudger,360.cn,pending,$575.72,d4ce31cd-ab49-4eec-8d5b-f4c8e2fadc7f,,Unknown
37.0,Stillman Bryett,hatena.ne.jp,06/07/2025,$634.02,e28ad639-c48a-4392-8126-9ac4dc535c60,Japan,Japan
453.0,Paulina Lambarth,sitemeter.com,2025-12-14,$143.63,07a2406f-dddb-4b21-916b-538835dd78d1,Russia,Russia
652.0,Monro Thackeray,squidoo.com,2025-12-07,$775.96,be96965c-72c7-448a-9f21-20a92df97f79,United States,United States
,Gregg Watting,nature.com,2025/09/21 13:36:45,$611.01,27a90b59-090e-4967-a7b0-67d32e7b5230,Peru,Peru
,Devlen Elmer,businessinsider.com,07/13/2025,$349.40,5c6ad539-e977-4797-989c-f07db106c4b2,Portugal,Portugal
890.0,Dinah Coupland,netlog.com,2025-05-08,$491.15,cf7226ba-a0d8-4a70-aef0-f27831bb7f2a,Indonesia,Indonesia
572.0,Nanni Thornton,odnoklassniki.ru,24 Jun 2025,$758.75,a97799cf-10e4-4f0b-9994-0beb665fc65e,Mexico,Mexico
624.0,Nari Baston,ucla.edu,pending,$784.88,f2f8f81b-0864-4f64-9d9e-6fbac0a2e72c,Brazil,Brazil
,Pauline Bidmead,plala.or.jp,2026/03/04 12:01:15,$206.96,cea7626f-e757-4a95-9f78-4281e7cebc9c,China,China
979.0,Howey Godfray,lulu.com,05/14/2025,$759.06,61187a17-3a24-43ef-a62c-ef0a92fbd431,Mexico,Mexico
848.0,Thornton Brooke,hexun.com,pending,$734.51,a0e18c31-e419-46be-8622-dea01e2f7912,Nigeria,Nigeria
,Lowell Mallabone,jiathis.com,2025-08-09,$993.90,16486910-c629-4081-8be7-02dc8b630efd,Brazil,Brazil
611.0,Ebba Ummfrey,myspace.com,pending,$296.67,f36c8e02-3a16-49df-af90-d84cfff3ff00,Pakistan,Pakistan
298.0,Cornelia Frotton,acquirethisname.com,12/18/2025,$752.64,2d3dbbb0-e923-4aa2-8901-3ef611f40cab,Czech Republic,Czech Republic
415.0,Inge Maccurtain,lycos.com,2025-09-16,$943.31,f4d42c21-c1aa-4e34-ba01-e5048cf81a55,Bangladesh,Bangladesh
151.0,Ansel Saddleton,hugedomains.com,04/30/2025,$813.02,8b07edc6-944d-4164-b4a8-e20772124b3c,,Unknown
936.0,Talya Seemmonds,pinterest.com,pending,$726.04,c0965cf2-2d10-406f-b9ff-c9f7603edc8f,Colombia,Colombia
,Poppy Szymonwicz,paypal.com,26 Sep 2025,$308.66,70f266a7-3249-4ce4-8e04-8ab473727b06,,Unknown
641.0,Sterling Taft,slate.com,18 Jun 2025,$256.44,70383062-0b89-4573-9866-1e63b68c8f8e,Russia,Russia
688.0,Merola Lyffe,wikia.com,unknown,$375.15,744bb2fe-a684-40d5-9742-21cec48943c8,Philippines,Philippines
551.0,Tomas Bruckstein,washingtonpost.com,pending,$200.00,606ebd0b-0612-4cd9-969f-37dc49b2dd8d,Poland,Poland
939.0,Karim Du Barry,vistaprint.com,08/27/2025,$604.93,Unknown,,Unknown
489.0,Lucille Bonwell,yahoo.co.jp,pending,$40.97,98f2cdad-e359-42a9-9f19-304c35def793,Indonesia,Indonesia
820.0,Gates Scothorn,craigslist.org,03/22/2025,$330.28,154ad7ea-7b09-4cd9-8347-2f4afa282bb9,Spain,Spain
711.0,Steffen Izakovitz,army.mil,2025-03-28,$411.34,4b7b4b25-b004-452b-b0cc-e4e68c654929,,Unknown
148.0,Demetria Gurwood,go.com,2025/06/11 18:28:05,$946.69,593b3d0e-16d1-4c60-8457-8f7e9d0aa094,Russia,Russia
147.0,Arturo Selvester,cpanel.net,07/02/2025,$813.00,281fcd74-308b-4752-91ed-22a353507e9b,Nicaragua,Nicaragua
860.0,Jasper Thornebarrow,noaa.gov,01/02/2026,$264.80,6c98aaf3-0e83-43c7-aca8-ef01392c8cd8,Indonesia,Indonesia
346.0,Miranda Mcilvaney,sphinn.com,2025/09/11 07:50:21,$302.99,abbbb75b-f4cb-45d4-81cd-3c377922c716,Gambia,Gambia
,Adore Emmanueli,github.com,2025-05-14,$808.72,676db9eb-04f2-47d5-b7bf-d135d5bb5244,Nicaragua,Nicaragua
622.0,Dalis Wrathmall,360.cn,11/22/2025,$475.13,adc0c1a4-68bc-47df-8f51-90f73091ff9e,Russia,Russia
660.0,Everett Spottiswoode,arstechnica.com,2026-03-09,$163.63,bf2dfe52-34de-4dc0-b183-dbf5d7c58303,China,China
771.0,Sebastiano Mathelon,redcross.org,2026/03/03 04:37:02,$1.09,7f8821e5-d7c8-4b8f-ac41-39b805387a4a,France,France
349.0,Melli Coil,livejournal.com,11/21/2025,$17.11,56d67e40-9144-48ae-90b8-161f6d766893,Russia,Russia
464.0,Sarita Hellmer,aboutads.info,unknown,$780.83,bd46c5bb-f5a7-4527-a47c-072a20f2b16c,Indonesia,Indonesia
326.0,Freda Child,quantcast.com,2025/12/27 05:15:22,$903.04,7084b01d-7db6-475f-b792-512559ab19e6,,Unknown
187.0,Cloris Jochen,nba.com,unknown,$522.70,Unknown,Indonesia,Indonesia
124.0,Chryste Ison,yellowpages.com,25 Jul 2025,$418.63,43910767-8170-498e-bcb6-1d7adbf242df,Canada,Canada
637.0,Mahmud Rykert,spotify.com,05/16/2025,$119.82,a6da7723-26fa-4cd3-899f-ed6ce30ff503,Mongolia,Mongolia
609.0,Pate Feldheim,ocn.ne.jp,2025-11-24,$527.47,7f4b311e-9783-4e34-898f-c7a63db9c087,France,France
144.0,Merissa Speedin,home.pl,2025-05-23,$816.04,92a971ac-1094-4fae-af5e-2335fd7b4bf2,Indonesia,Indonesia
752.0,Carolann Boshier,omniture.com,01 Jan 2026,$400.82,e5221abb-ad47-4ee1-aefd-7eedf367d2cc,United States,United States
590.0,Coralie Bennis,booking.com,2026-02-02,$505.26,fe65f939-fc81-49c6-a29d-945b0564a94c,China,China
198.0,Stefa Malcolm,gov.uk,10/12/2025,$179.94,1c190a3b-36d4-478c-b79b-b5c6b45e6009,China,China
,Avrit Wanless,telegraph.co.uk,unknown,$491.08,957d05ae-5844-4c99-8586-78a74334f2d0,,Unknown
837.0,Shaughn Saltern,telegraph.co.uk,06 Nov 2025,$625.51,b5e1c10f-06e4-4ff1-80c4-73c0b4e87738,Vietnam,Vietnam
280.0,Angelle Castagnier,sohu.com,12/15/2025,$959.75,77f2eb12-0c3e-411d-b815-ad158394b5a8,,Unknown
,Horatio Gorst,adobe.com,11 Jul 2025,$684.14,15533ea2-d5be-48fd-a355-b8280146c879,Russia,Russia
986.0,Eddi Howkins,cnet.com,pending,$484.88,f19bed9f-035a-4f79-ba51-68c9fe8ab3c1,United States,United States
,Tonia Claydon,bravesites.com,pending,$34.02,ef7708f4-edb7-4137-b4ea-677aa13c842e,Russia,Russia
123.0,Ernest Morrell,nba.com,15 Oct 2025,$944.77,a7f694fb-01b9-44b2-822b-5e1fbc4d125c,China,China
184.0,Levy Bartelli,wikimedia.org,2025/08/06 09:54:26,$318.70,d6395108-3de2-4674-9802-48c7eeb1eae2,,Unknown
203.0,Darla Devereux,unesco.org,06/30/2025,$811.04,1b7bd872-93e9-4447-a02e-ebbe6a279379,Croatia,Croatia
439.0,Jaquelyn Tregaskis,google.ca,unknown,$578.92,8578718c-6c59-47b4-887b-d163d2349fa2,Mexico,Mexico
836.0,Verla Swatman,mit.edu,2025-05-16,$858.38,f1e19bd8-29af-4bfe-b8cb-288ff067e526,Thailand,Thailand
247.0,Eada Epine,nba.com,11 May 2025,$401.99,19699c37-22ab-4441-a5d6-6e0a5b66194f,Indonesia,Indonesia
416.0,Chrysa Wetherell,bluehost.com,03/28/2025,$739.48,67a7a282-cc29-40a3-9e7b-7003d50e0aa1,Russia,Russia
924.0,Willy Innett,google.de,01/04/2026,$108.92,d354f2cb-bfdc-41fe-aa18-d72f229c028c,,Unknown
911.0,Thoma Soitoux,nih.gov,03/07/2026,$217.40,674aea1d-7feb-44a0-9df2-36efee8ad4ad,,Unknown
925.0,Aggy Clinkard,google.pl,05 Nov 2025,$453.18,def5634b-a158-4b75-8eaf-4feecc71acea,,Unknown
915.0,Clyde Gyngell,soup.io,17 Jul 2025,$168.82,15e906bc-c030-4744-8562-b8cf65a60321,,Unknown
,Casey Phayre,merriam-webster.com,2025/08/04 16:00:49,$941.44,77c86634-b7d4-4b70-91ba-c6b547900c00,,Unknown
,Dodie Haill,i2i.jp,07 Oct 2025,$639.45,771528c9-d7be-40a9-bc70-ee6aea9c1af2,Peru,Peru
638.0,Donovan Beagen,reddit.com,pending,$158.19,856b0530-845a-40a6-8cc6-68b0f1be3b93,,Unknown
403.0,Taber Bosse,disqus.com,unknown,$408.53,bb569cb3-f03d-4493-a326-63156590e5d7,,Unknown
932.0,Zoe Craister,nymag.com,2026-01-13,$616.79,9d53893c-770b-455f-9115-c6c93e350f44,Sweden,Sweden
918.0,Lurleen Collison,home.pl,pending,$76.09,4bc181e4-2db9-425e-b144-9f4ce1f3c0e4,,Unknown
736.0,Fairfax Birdall,ycombinator.com,unknown,$499.33,6740c216-f8d2-4893-a76c-583e5820d040,Philippines,Philippines
855.0,Esme Greger,marketwatch.com,30 Oct 2025,$262.50,88267ea5-6eb2-48e6-bfc8-6f6675cbae0f,Brazil,Brazil
838.0,Fax Dewane,oracle.com,2025-03-20,$711.64,3b01e433-7d4f-4e7a-baaf-f82d715a1edf,Indonesia,Indonesia
220.0,Mildred Ferraretto,123-reg.co.uk,pending,$481.87,8844281a-6a19-45e0-b5f2-3abe05575032,Russia,Russia
642.0,Anjela Filde,umich.edu,unknown,$6.08,4e773750-3d6c-4635-aa01-e20d29e407e9,Portugal,Portugal
2.0,Luisa Iannitti,dailymotion.com,2026-03-03,$618.11,e5743012-56a8-4996-9f73-4c5de7b92198,,Unknown
,Mead Sallier,reverbnation.com,unknown,$234.85,e1f18716-cf69-4bd3-b14d-cb2666aeca75,Cameroon,Cameroon
955.0,Jason Baudts,dell.com,2025-11-08,$934.38,3848bf37-19f4-446d-a8fa-ab2e35651156,Indonesia,Indonesia
,Phaidra Bonellie,hugedomains.com,2025/04/05 07:10:37,$254.17,dfa30d9e-86d8-4c26-96c2-eedea0a44ff6,,Unknown
,Janina Lebbern,mlb.com,2025-09-17,$278.55,a49603ba-e179-4328-a204-da922f8d166c,Thailand,Thailand
994.0,Gunilla Goschalk,hibu.com,04/14/2025,$171.16,7568094c-9006-414a-a6e8-5cc80d0580b0,Portugal,Portugal
906.0,Bren Curry,privacy.gov.au,pending,$184.66,161c09d6-959a-4323-b307-04fcf4abc9a8,Ukraine,Ukraine
387.0,Ogdon Draysay,wunderground.com,29 Nov 2025,$832.57,005417c4-7ee9-4234-9988-94877620119f,Thailand,Thailand
,Dela Gleasane,fastcompany.com,pending,$103.54,3c7a48b4-5102-4909-a445-1cacdf892d2f,Sweden,Sweden
,Venita Dedman,java.com,2025/11/22 04:46:50,$7.18,593ed97f-c3ac-4f5f-82e7-ba02a5cf908f,United States,United States
,Ciro Nosworthy,goo.ne.jp,unknown,$880.44,0d301517-c3df-4b9f-87ab-89145cea0a52,Portugal,Portugal
268.0,Troy Roof,weather.com,2025/12/11 23:57:23,$982.56,9acf82fc-7b82-4904-85b1-f964ced983c5,Bolivia,Bolivia
970.0,Luca Blyth,ycombinator.com,07/17/2025,$941.37,35558beb-4f3d-469f-9858-43ce2ca51551,Ireland,Ireland
442.0,Daisie Jumel,nyu.edu,08/23/2025,$439.87,e4063c00-d366-4061-b502-a0c093ac1619,,Unknown
497.0,Eliot Ollerhad,typepad.com,2025/09/13 00:27:49,$422.79,49036bc7-7372-4669-8786-05a008839308,Armenia,Armenia
830.0,Silvie Bools,nytimes.com,06 Nov 2025,$327.58,42282c72-7be8-4d52-b2ef-f003cc96fee5,China,China
113.0,Martynne Fleay,elpais.com,11 Feb 2026,$443.46,82bdf7a5-1cb3-4170-b7a0-c3d84ff49d94,,Unknown
692.0,Marice Francillo,japanpost.jp,2025-05-18,$202.11,18148c52-e201-41b3-a3f8-a83f7ba4adfa,Mongolia,Mongolia
233.0,Lou Rolston,blog.com,04/04/2025,$563.26,Unknown,Peru,Peru
472.0,Philipa Ayrs,kickstarter.com,2025-12-09,$129.88,ae76b0e5-c790-4a3a-828f-4b9371b694b3,Indonesia,Indonesia
608.0,Irena Hansie,sbwire.com,09/16/2025,$612.81,cd91263e-3e77-4107-b65f-7077826812c5,China,China
672.0,Delia Croxton,google.co.jp,unknown,$774.62,6f916268-145c-413a-a139-142fcc4ee236,Nigeria,Nigeria
374.0,Vincenty Longland,epa.gov,pending,$722.67,41b8b346-092c-42bf-80a8-b634d38e6abe,Pakistan,Pakistan
,Carolan Donativo,google.it,2025/09/30 11:56:30,$499.74,be1d28f8-b0d5-46a2-8399-b86c24d1c033,Philippines,Philippines
664.0,Theressa Reside,dyndns.org,2025-12-31,$197.50,eab2767a-6ca2-4835-9013-3e4f2d344707,Austria,Austria
522.0,Karlotta Sandys,ask.com,10/05/2025,$201.47,fd978fce-9a60-4bfa-8298-71096518eef7,Tunisia,Tunisia
234.0,Claybourne Fashion,techcrunch.com,23 Jun 2025,$453.30,85cec560-9705-42da-ae15-26901571e5ab,El Salvador,El Salvador
819.0,Tann Hehnke,cnet.com,unknown,$105.18,b2ce3d18-0d93-4848-80d9-ae96ee067c55,Philippines,Philippines
933.0,Sigmund Brougham,blogtalkradio.com,2026-02-04,$722.62,ceab435d-bd68-48dd-af8c-7b92e2b81a92,,Unknown
677.0,Emanuel Van Ross,issuu.com,unknown,$553.48,287b25fc-09f9-4a41-acd6-e7f4d4616b53,Colombia,Colombia
318.0,Godfry Bertl,typepad.com,pending,$154.08,f63cd326-d644-4165-bed5-860f479fe1eb,United States,United States
649.0,Ernaline Littlewood,techcrunch.com,pending,$840.24,21ab7f3e-0f99-4b2b-9979-d5bc8305b4fb,Poland,Poland
411.0,Celinda Babalola,goo.gl,25 Jun 2025,$54.17,b2a9a17d-5631-4dea-bbce-bcc03c648c98,,Unknown
,Port Beckwith,geocities.com,30 Jul 2025,$460.25,548f8041-6317-4388-8dce-fe6de027505c,Argentina,Argentina
710.0,Phineas Vinnick,google.com.au,pending,$263.09,c1cb5dfd-a8c3-475d-8c68-cb6e937815ce,,Unknown
359.0,Nanon Elster,lulu.com,05/12/2025,$815.86,55ee13d6-f58d-40b2-9f07-9d85bd85072d,,Unknown
259.0,Lutero Reignould,1688.com,pending,$613.92,b36ebf6c-876a-416a-95a3-36c8cbd47724,Malaysia,Malaysia
745.0,Skye Buckam,ezinearticles.com,2026-02-11,$493.11,5798c23e-b36a-4a35-9cc1-cbb23ccb8e85,Indonesia,Indonesia
,Hazel Ebdon,behance.net,2025-04-04,$675.64,ead89e68-de54-45a3-890b-257e67b8a5a6,Russia,Russia
633.0,Elvis Still,yelp.com,unknown,$542.62,704922bb-7831-48fe-a9d9-f2e7e6fdbd91,Morocco,Morocco
283.0,Jerry Thewless,opensource.org,05/03/2025,$170.01,c0bcd984-2ac7-4cbd-a058-f74c6649b05a,Latvia,Latvia
377.0,Roxane Bauer,cmu.edu,2025-12-25,$602.70,91e1d384-c779-4b84-b730-34f5a28fd68b,,Unknown
,Josie Edelmann,cnet.com,2025-07-25,$644.86,0e40756d-63c8-4526-960e-51f7a5616e4c,Sweden,Sweden
225.0,Mair Bourthouloume,techcrunch.com,2025-11-25,$342.91,5eba6b99-715f-40a7-bfbd-1db1e5d2c4d8,Colombia,Colombia
290.0,Alec Dienes,flickr.com,2025/12/11 14:50:35,$380.42,909d5a8c-cd6d-4471-85b6-2c4c694851fe,,Unknown
964.0,Lucien Gatling,dailymotion.com,01 Dec 2025,$736.24,4fc3a612-c3b5-4e71-a057-ac9396e790e6,Tunisia,Tunisia
473.0,Clemens Dulake,bloglines.com,2025-03-15,$731.18,5cd6d26b-132b-4d90-8885-e2c444dc7d19,China,China
348.0,Janot Beardon,cisco.com,2025/07/30 08:57:48,$927.16,e02f7d69-5828-4d26-b26c-f90919fc31aa,Philippines,Philippines
506.0,Ulric Letchford,about.me,pending,$331.38,e44851dd-6c70-475a-b2be-80845d88f605,China,China
640.0,Tomasine Pidgeley,hp.com,15 Feb 2026,$180.62,e70e2f28-370b-4a90-98e0-e8715af1331e,Philippines,Philippines
788.0,Ilene Woloschinski,webnode.com,unknown,$488.51,b7999e09-fac7-48c5-b6a1-10dc5a630a41,,Unknown
798.0,Dorrie Roskell,theatlantic.com,unknown,$59.41,c1a54f79-b391-41d5-bb34-3d19acdaa7e2,,Unknown
340.0,Prudi Surplice,aol.com,2026-02-05,$618.90,Unknown,China,China
,Gian Govett,hostgator.com,2025/09/14 10:01:06,$688.30,5ee06d68-d396-4d8c-9752-9a3f3f06587d,China,China
620.0,Rice Pipe,cam.ac.uk,2025-08-15,$871.66,fd4619b1-160e-4050-a861-c9c33d8d5dbb,,Unknown
939.0,Karim Du Barry,vistaprint.com,08/27/2025,$604.93,Unknown,,Unknown
,Hunfredo Minguet,bloglines.com,unknown,$846.19,451beb62-7f00-40ac-8ccf-d3ab236938e8,,Unknown
646.0,Aubrey Kerne,reverbnation.com,13 Oct 2025,$863.77,546ec92f-181e-436f-b2b1-9b8a1d25ce64,France,France
412.0,Alissa Richold,yandex.ru,unknown,$28.74,abdfad89-d2d1-4201-ba5d-970520f7ce85,China,China
557.0,Laural Bannard,hexun.com,unknown,$369.60,f8903f92-2704-4b08-8182-c3b9325a6de5,Netherlands,Netherlands
682.0,Hadrian Shields,redcross.org,21 Nov 2025,$381.35,1cbda623-5844-40d3-bb65-eb2b5afd61f0,China,China
578.0,Babette Henrie,sfgate.com,2025/05/24 03:01:47,$54.98,40fe07d0-8389-4904-a171-8159b90f0d4a,,Unknown
796.0,Rania Stannis,163.com,18 May 2025,$777.89,4323a36e-c948-4d8f-85c0-ae11db203f07,Portugal,Portugal
86.0,Fulvia Attwill,creativecommons.org,2025-12-14,$295.82,7a45610c-9175-4c38-bf6d-527cc90370c2,Chile,Chile
243.0,Weider Arens,eventbrite.com,unknown,$91.67,ed1b77e1-cd87-465e-a802-75421da73430,,Unknown
699.0,Brockie Mauger,diigo.com,19 Dec 2025,$333.49,60cf5338-852b-4e61-8d60-d060caa80e1e,Russia,Russia
839.0,Kamillah Rykert,bloglines.com,pending,$616.20,99a7a5c8-cdbd-47d7-b51f-fa148dbbbb6d,Argentina,Argentina
160.0,Karon Chastan,nifty.com,unknown,$741.12,be4c840c-6c9a-4dc5-8776-7047ce6b17c3,,Unknown
525.0,Freddie Huyton,sun.com,unknown,$717.51,9a88aab9-feda-4d04-ad67-71c533d2171f,,Unknown
36.0,Kelcie Godwyn,google.com.br,2025/05/24 10:20:55,$955.15,a931db34-530b-480a-99be-6f99fdc8c167,South Africa,South Africa
541.0,Lynn Davidek,bing.com,2026/03/10 14:51:13,$30.19,f565d961-8a38-4be8-a282-aca454bfc8ce,Indonesia,Indonesia
171.0,Amanda Jerrold,smugmug.com,2025/03/18 14:41:05,$950.18,ac2c13ec-074b-4a34-8df5-2f3d16b3ea97,,Unknown
655.0,Paulo Grassot,spiegel.de,02/19/2026,$206.47,376ad9b3-1e0f-4a78-b8a4-84e9a6e06db2,Brazil,Brazil
749.0,Ebony Kollasch,globo.com,11 Jan 2026,$630.00,6370c399-2754-4470-988c-4a82e1a28a2d,,Unknown
,Wes Maddie,mail.ru,2025/05/14 02:36:53,$241.63,8d3673b8-207c-48f5-94ba-459316dcc39b,Finland,Finland
679.0,Ruprecht Westgarth,newyorker.com,pending,$636.29,a634245c-e198-4d87-a6dc-a2b306118179,Israel,Israel
485.0,Bernelle Jedrzej,godaddy.com,unknown,$172.79,4f515f4f-73dd-4fcc-9f3f-0d31a0b6df68,Portugal,Portugal
734.0,Ammamaria Aguirrezabal,noaa.gov,2026/01/07 00:38:01,$230.48,f5ede0ad-fcc7-47ad-85a5-ac8fc8627d18,Croatia,Croatia
900.0,Ashlin Marrion,wufoo.com,2025/09/26 09:06:53,$287.07,5813f1f0-c398-46d3-9829-89803778e0b7,Dominican Republic,Dominican Republic
96.0,Betta Langelaan,macromedia.com,01/21/2026,$274.67,e050047a-d8e3-41e1-870c-ab95ed1094ac,Afghanistan,Afghanistan
564.0,Roze Mash,slideshare.net,unknown,$284.62,80ed1b85-ec25-43cb-b291-86959ed2f8d7,,Unknown
241.0,Mateo Delwater,mac.com,06/05/2025,$129.19,fe22a084-740b-40a3-a3a0-fed9a3669ad8,Brazil,Brazil
743.0,Claresta Rowlstone,eepurl.com,11/02/2025,$185.58,45fac2a1-d215-4bbf-86dd-dc601adadb1f,China,China
,Austin Brahams,seattletimes.com,02/06/2026,$929.01,f583b80c-43f0-477d-91ec-849ed17be4a0,Armenia,Armenia
575.0,Gregoire Dagworthy,nhs.uk,pending,$655.07,967f7f50-ca03-4ad2-b4c2-e5cbdb59d038,,Unknown
,Pablo Fry,exblog.jp,2025-05-04,$449.58,a69a37d6-0fb0-4f7d-aef8-64d9228da6a0,Portugal,Portugal
461.0,Nessy Towriss,weibo.com,unknown,$660.33,f26c39e3-c3e2-4cea-8705-2c0b80d1c940,,Unknown
,Willey Fisbey,blogspot.com,2026-02-27,$378.26,b8e119aa-f719-48d8-86b6-154f8bdb6639,Botswana,Botswana
554.0,Abbey Mecozzi,google.de,2025-04-26,$959.99,d7017c9a-8759-45fb-b71e-e98263369cdb,Indonesia,Indonesia
858.0,Dalenna Sambrook,blogspot.com,unknown,$349.42,Unknown,,Unknown
903.0,Ilse Blenkinsopp,elegantthemes.com,unknown,$635.62,1e44aae8-cedd-4405-a3cc-cdf414f9f700,Indonesia,Indonesia
207.0,Winslow Giannassi,t-online.de,2025/09/11 22:47:45,$380.65,13491a69-ce31-4da6-9f1d-3d750ed8e21c,South Africa,South Africa
393.0,Hadley Adnam,google.de,05 Sep 2025,$319.53,d15e5ce5-9b0f-4e9e-b716-0df6a0dcf18a,Australia,Australia
795.0,Stacie O'Fallon,bloomberg.com,2025/08/27 03:08:51,$360.46,60851a01-164d-4e00-829d-5e9c5632e389,,Unknown
871.0,Isadora Roset,163.com,pending,$295.60,b116a7f3-5d39-449f-8000-993c5bf1655b,,Unknown
,Orion Harnor,xinhuanet.com,pending,$690.04,38b78f4a-7e9a-489c-a7be-dbdb2ee243cf,,Unknown
767.0,Sutton Meigh,dropbox.com,30 Dec 2025,$120.16,b4c4d35c-bedd-46f1-85c7-95b3a2e3821a,Russia,Russia
627.0,Nels Brownill,blogger.com,unknown,$213.06,81eb6cb3-a91b-4d47-9ec4-dbb8158f396d,Russia,Russia
218.0,Nomi Rapier,reverbnation.com,2025/06/22 21:13:04,$126.47,3e0fc1a1-88be-4046-9290-00dd134e865b,Belize,Belize
5.0,Dov Cornuau,pbs.org,2025-08-01,$355.01,f327b4f1-b2e9-4db6-ba94-ea08f7a11f77,United States,United States
769.0,Godfree Beazer,dot.gov,25 Apr 2025,$230.98,b1b7f1ef-23fe-461e-8c36-de74a4c2a9d6,,Unknown
643.0,Douglas Osipenko,pen.io,30 Nov 2025,$377.40,320d810e-2bd8-4af9-95b1-1b4339fdf5a2,Indonesia,Indonesia
462.0,Marven Ritmeyer,google.fr,2025/08/16 11:52:02,$446.51,40edcab1-96d4-4bc8-a025-d760cf120f6d,United States,United States
943.0,Daniela Darwent,ftc.gov,unknown,$185.95,759797b2-2461-4fc6-a850-aff6c2d5d350,China,China
613.0,Suzanna Lister,networksolutions.com,unknown,$522.35,b0e8cb4f-f4ba-476b-877b-eef9514ea7da,Philippines,Philippines
739.0,Leonidas Harrap,yellowpages.com,2025-12-10,$894.70,4d2b0379-b734-41fd-8a7f-4bd4eaf4e603,,Unknown
961.0,Tyne Wernher,engadget.com,unknown,$710.77,2d28bb12-f420-4736-879a-437ebb7a7225,Poland,Poland
547.0,Randy Atwood,homestead.com,2026/03/07 12:15:25,$922.22,cc5b2bea-e6ca-4734-a62a-e6d51ed81742,,Unknown
987.0,Lorilyn Evreux,ox.ac.uk,2025/10/09 05:28:39,$489.20,90853f59-f76a-4a55-9299-d959df24aa0c,,Unknown
,Gabbi Halley,unicef.org,05/12/2025,$722.42,0db71f6f-3f3d-4cf4-bc68-4cc92379f73a,Russia,Russia
523.0,Charlot Vearnals,acquirethisname.com,2025-09-11,$783.67,a403895b-6b59-4115-9e5c-c3148af2cc9e,Japan,Japan
684.0,Oates Robinet,hatena.ne.jp,pending,$192.30,cca2233f-e1ef-45ae-b16e-e848d67ba347,Argentina,Argentina
99.0,Scotty Gash,yahoo.com,03/07/2026,$462.61,381a5f7e-3c02-46db-ba0a-87ca00cb4f6b,China,China
805.0,Berte Sperling,stanford.edu,2025-03-27,$284.76,448e1703-4b6a-4eb6-964b-389774da7f87,Djibouti,Djibouti
,Filide Dedham,yellowpages.com,06/22/2025,$133.90,65b31e55-30c8-437a-89e3-144b4708ac22,France,France
574.0,Rycca Battany,soup.io,unknown,$778.93,Unknown,China,China
407.0,Vernor Broadway,clickbank.net,pending,$612.07,0ea88140-a2f3-4b49-b890-cd0a96b4acaa,Indonesia,Indonesia
503.0,Elia Maciocia,webnode.com,2026-01-19,$714.90,b606dde2-5ab6-422b-a510-36d17affda1a,Costa Rica,Costa Rica
48.0,Honoria Gibling,delicious.com,2025/10/10 19:09:43,$734.86,78a226ac-8a3e-4ab5-80d0-a9938918a6e2,Ukraine,Ukraine
33.0,Moll Fibbens,sphinn.com,05/05/2025,$269.61,51d69c22-98f8-4a8e-b1fd-b5cfbe31ccf5,,Unknown
930.0,Gabbey Twallin,google.cn,2025-11-27,$535.29,06ae80ca-8989-4ac7-a17e-bfbfb4c79c66,Portugal,Portugal
780.0,Edan Murrigan,tripod.com,28 Aug 2025,$167.09,fc29619a-1dc2-4318-9334-d3f17e871579,Venezuela,Venezuela
840.0,Catherina Drewry,omniture.com,06 Sep 2025,$733.91,5b0380a7-8d8b-415f-ba7f-717644296057,China,China
201.0,Devi Snailham,woothemes.com,unknown,$888.42,fa015a1c-0da6-49f9-bf9c-bc8215ae4ff5,Malaysia,Malaysia
135.0,Elisha Archbould,house.gov,11/10/2025,$6.58,188b3021-4a99-4878-842f-1e05d35985b3,Kazakhstan,Kazakhstan
,Ricky Pomfrett,oakley.com,12/14/2025,$963.40,607f090b-dc3f-4d8b-b7c5-6993da9260ba,China,China
41.0,Filia Strotone,rediff.com,2025/08/14 19:30:41,$31.38,Unknown,Poland,Poland
231.0,Miran Mickleburgh,plala.or.jp,2025/09/28 00:40:35,$51.04,9c2fc4b7-673d-459e-91b5-17baeae9b194,Japan,Japan
490.0,Shurwood Faull,sfgate.com,2025/08/05 13:07:38,$912.97,7f5e3347-232d-46a3-95d2-199112275a43,,Unknown
773.0,Jorry Bigglestone,virginia.edu,unknown,$800.57,Unknown,,Unknown
379.0,Babara Danieli,simplemachines.org,10 May 2025,$268.93,39bbba94-e1ea-4c02-bfb2-46d1406c1220,Japan,Japan
289.0,Brodie Schoolfield,hexun.com,2025/10/18 07:19:49,$701.14,77d9c8eb-491f-4c99-849f-b04973018711,,Unknown
419.0,Jesse Lemasney,washingtonpost.com,unknown,$525.86,62f906a6-1e31-4447-b8e3-f94ce45ab469,,Unknown
675.0,Bobine Stoacley,amazon.de,pending,$160.36,8a096f32-9609-4010-a14d-01b291a29ea4,Russia,Russia
392.0,Filberte Posselt,tmall.com,unknown,$359.73,eaf1e5da-134e-4f8d-8d2c-4be0823e8e12,,Unknown
,Orelie Poplee,earthlink.net,2025/03/25 16:11:06,$17.94,9f58c8bd-0559-473f-bfe3-fe4c0d4bde5d,Syria,Syria
648.0,Oby Dibben,amazon.com,09/16/2025,$330.32,491b258f-b2d7-418d-bd5a-698bafbf16e0,Indonesia,Indonesia
521.0,Manolo Silcocks,dmoz.org,2025/06/09 01:56:11,$275.70,7eafa3b1-4c51-4ac8-8f12-b908d54f8391,China,China
65.0,Karim Langdale,chicagotribune.com,pending,$75.63,32d31513-a6a7-4c6a-a9f8-bf2fd63c8792,Philippines,Philippines
,Stillman Jerrems,senate.gov,pending,$886.17,288e7fab-8fb0-49bd-aedf-f3687b5e54c7,Japan,Japan
493.0,Lena Breede,vimeo.com,2025-05-14,$36.34,5f2f1304-e625-482e-b2f8-c0107cc1b3d6,Indonesia,Indonesia
380.0,Patricio Nealand,google.com.br,unknown,$239.38,Unknown,Canada,Canada
188.0,Ryley Radford,canalblog.com,2026-02-06,$744.98,45d04121-7041-4ba2-8ab2-adad7345a405,Tunisia,Tunisia
,Rafaellle Ceyssen,amazonaws.com,unknown,$141.76,faeb6417-b869-4bdb-841f-028277962e6e,Slovenia,Slovenia
,Maurita Barlow,uiuc.edu,2025/06/21 02:14:29,$441.29,c881b476-f5b0-4116-9605-5a35a021b42b,,Unknown
792.0,Lucia Mcgeorge,example.com,unknown,$363.73,20446b62-bfea-4422-a7d8-dbbe546d63df,Uganda,Uganda
879.0,Dael Fairman,pbs.org,pending,$517.05,b0a5fe90-8e19-47ba-9220-c35c4456a628,Kyrgyzstan,Kyrgyzstan
338.0,Clayson Outerbridge,cbc.ca,unknown,$696.18,e10c544c-b039-4323-9a9c-6b89a0ba68e4,France,France
720.0,Manfred Lewton,multiply.com,unknown,$324.97,b4fcccfc-e198-4666-bd08-2c8f7a6ff050,Armenia,Armenia
296.0,Emmanuel Dudny,jugem.jp,08/05/2025,$252.30,d8422297-bd84-42d5-9e8e-84661805f7ed,Palestinian Territory,Palestinian Territory
281.0,Winnifred Mingauld,census.gov,20 Apr 2025,$410.81,3f5f9f15-252e-4ccb-a394-9f4c2c866265,Indonesia,Indonesia
456.0,Cary Poizer,prlog.org,02/11/2026,$311.32,Unknown,Pakistan,Pakistan
816.0,Johan Moss,columbia.edu,02 Sep 2025,$994.94,b766e167-725a-494d-a3ce-e59552137ad0,Argentina,Argentina
,Berty Hoyt,hibu.com,pending,$142.31,be70aabc-0223-415e-b50b-31d41727809b,,Unknown
996.0,Trude Sineath,tripadvisor.com,pending,$680.75,feb0c869-51b9-4f6d-a272-bc43117307a3,China,China
202.0,Nerty Habin,dmoz.org,2025-04-04,$283.72,6a13d44d-f033-490d-af9d-1221eaacac28,Thailand,Thailand
162.0,Rogerio Eveling,dedecms.com,unknown,$466.23,Unknown,Macedonia,Macedonia
730.0,Waylon Birtwell,addthis.com,unknown,$798.99,a19285ca-7996-429a-ad81-5f9d5f97fac9,Morocco,Morocco
402.0,Wit Rangle,mit.edu,26 Jul 2025,$801.99,96fa9231-2555-4d70-b5a5-88a753c76b46,,Unknown
703.0,Nobe Flaverty,youtu.be,2025-03-18,$371.09,f647bb4a-b149-4fb4-8c84-aa1534acab35,,Unknown
566.0,Gan Rizzo,miitbeian.gov.cn,12 Nov 2025,$643.37,9800f50d-8bfb-4d61-bb3c-c4de9a6357ef,Guatemala,Guatemala
175.0,Evey Waliszek,google.com.br,02/14/2026,$422.05,2fecc268-9b4e-4aed-b081-2775031c50b3,Brazil,Brazil
236.0,Audy Abriani,nba.com,2025-09-09,$258.58,38062d13-21c9-440c-aadd-9cbfd90ef0cc,Philippines,Philippines
206.0,Rees Burnel,alexa.com,2026-01-27,$378.62,46a4779f-ffa4-4112-a407-f365c5ea1800,,Unknown
35.0,Dominga Bowlas,pbs.org,2025/10/07 06:22:46,$619.86,b6d8b15d-0949-43c3-b4ed-217b18406c17,Chile,Chile
776.0,Saul Llop,addthis.com,2025-11-27,$601.27,9eae3e08-36e7-4b43-9761-9eb101d1e2d2,Portugal,Portugal
509.0,Lyssa Daens,liveinternet.ru,26 Feb 2026,$888.51,fb469f85-8b5a-443f-9330-684eeacdfba6,Czech Republic,Czech Republic
999.0,Pete Peattie,is.gd,2025-08-02,$184.42,c2620440-8f46-4ba4-ba46-5aab43d1b035,Peru,Peru
92.0,Conrado Gath,europa.eu,19 Apr 2025,$137.44,fb432e5f-16af-48db-8280-012c39b9e4ba,,Unknown
898.0,Jolene Templar,apache.org,2025-07-14,$792.98,6626d23b-48fa-4ebd-8186-cf421bcf3638,Papua New Guinea,Papua New Guinea
,Ricca Mylan,delicious.com,19 Feb 2026,$497.61,77cbaa7a-8da6-44ac-a63a-80fba2cc9212,,Unknown
777.0,Yvon Grisdale,pagesperso-orange.fr,09 Dec 2025,$48.87,8bf30dbb-f6c0-4788-aa74-09bd462a97d3,Cuba,Cuba
242.0,Laurene Buglar,ustream.tv,2025-12-13,$895.57,d8434549-0215-410d-b9ac-edd691b1942f,Russia,Russia
14.0,Gordon Syde,dailymotion.com,07 May 2025,$44.82,9ab4fe02-f496-47a0-a61b-c5fe66839325,,Unknown
316.0,Kinsley Winslade,example.com,2026/01/11 12:13:14,$649.66,1919633d-1fe3-4d5e-92df-13350224a8c9,Ivory Coast,Ivory Coast
601.0,Immanuel Reedyhough,examiner.com,unknown,$44.06,6e4895b0-720a-4e1e-97f2-f1ac51b5bb31,China,China
388.0,Krishnah Penbarthy,jigsy.com,27 Nov 2025,$827.82,8bfc17f1-d9cc-473f-9fb1-27e9f6d8d38c,Philippines,Philippines
167.0,Sharl Duxfield,dion.ne.jp,02/26/2026,$900.13,Unknown,Indonesia,Indonesia
841.0,Marlane Brosch,cargocollective.com,21 Jul 2025,$413.12,ff599f54-0ae5-47ed-b935-b2d735e2de2b,China,China
21.0,Joelle Fullerlove,rambler.ru,unknown,$798.04,3d87bc11-335b-4b45-8ef3-715d0d8f3b8d,Botswana,Botswana
647.0,Cheslie Stening,un.org,2025/07/22 19:12:35,$661.63,dbc59a7f-92f4-4437-a1da-ac25d7ac27c2,Portugal,Portugal
,Teddie Petrushkevich,yandex.ru,02 Mar 2026,$171.89,4f93b652-8d5b-465d-aae1-9cb479f20d7a,Russia,Russia
563.0,Alexi Bluck,sourceforge.net,pending,$838.09,b4bb8242-7f11-4db4-a8eb-02198ad0b5d2,China,China
,Marianne Saynor,nba.com,2025-05-31,$579.85,5c114384-e27b-457e-bdaf-6543a32aaaa3,Argentina,Argentina
687.0,Amalita Farrey,redcross.org,2025/03/28 18:54:35,$172.80,f88774b7-9338-45d6-9db0-e83a461f8631,,Unknown
958.0,Kimbell Steggals,github.com,pending,$202.88,8ec5c72e-131a-4399-b5e4-b8036023dbb7,Poland,Poland
190.0,Joshuah Attlee,myspace.com,2025/09/18 15:19:09,$368.57,e350b66e-1626-4cf9-ba03-0dd4bcac6c82,,Unknown
,Corny Sail,hp.com,unknown,$233.35,827521c7-f079-4fe5-aa48-8e017477af2f,Cyprus,Cyprus
700.0,Hurleigh Lansly,uol.com.br,2025/05/22 19:14:17,$113.45,202e8122-4770-4679-b494-ef402e312951,China,China
511.0,Gard Chessil,yahoo.co.jp,unknown,$349.74,02ff9e2e-c54f-4b3c-b91a-d6fcea2f0ba4,,Unknown
475.0,Oona Gethen,taobao.com,pending,$458.09,464893a1-8632-4d59-bf54-0af566e79fed,Iran,Iran
857.0,Lilli Bollins,mac.com,06 Jan 2026,$627.20,6948585c-c800-4207-86f7-792fbe0e3784,Czech Republic,Czech Republic
748.0,Dannel Cruickshanks,163.com,pending,$631.55,ae09fce9-d420-4b0f-b8ac-d4c085e11f70,France,France
253.0,Saleem Rotte,youtube.com,21 May 2025,$608.42,8f7371af-5646-48f9-bb40-513fb82ff26e,,Unknown
,Kameko O'Sharkey,bbb.org,09/10/2025,$616.50,95f74a9b-e5c0-45ab-af91-1c8d34599338,Poland,Poland
460.0,Samson Kilshall,eepurl.com,unknown,$105.04,49b62927-ae4f-4444-a696-a1d543aebdfe,Indonesia,Indonesia
,Brinn Wingate,icq.com,05/24/2025,$516.93,a77f330f-d08a-463c-aa07-4f4824e87c32,China,China
956.0,Allen Downe,tripod.com,pending,$439.85,c8ea6e28-0099-4b59-93df-bd16bb8c1816,Iran,Iran
386.0,Denice Bright,bluehost.com,11/18/2025,$351.71,9ca9fee1-c29a-47bb-95bd-4fbdc58dc8a8,China,China
806.0,Tilda Sabbin,youtube.com,unknown,$831.35,5a598f51-840e-498a-a32d-aafb77aa6551,Indonesia,Indonesia
344.0,Quintin Alcido,mac.com,2025-06-07,$498.65,649cf483-cb57-4bd5-b2f5-2bdbe5549abd,China,China
,Tresa Salliere,mozilla.org,2025/10/21 13:58:11,$443.50,9fefef17-7fc8-474c-8490-9eabe61e0ea4,Poland,Poland
,Lionel Brammer,creativecommons.org,12/20/2025,$163.33,Unknown,Brazil,Brazil
872.0,Shawn Hengoed,ustream.tv,pending,$179.86,506a5235-eec5-493e-ab86-392840d8dd9b,China,China
88.0,Maridel Rogeron,google.de,unknown,$380.12,0da184d0-4c09-4d6b-8d54-cc0f0980fa0e,,Unknown
331.0,Britteny Euesden,mayoclinic.com,pending,$699.39,37d4d2d8-06e9-4304-aa87-cecb84d30a95,Peru,Peru
467.0,Allister Mellows,vimeo.com,2025-11-06,$127.81,7dac3d2e-cfce-423b-b34c-24c1efa35950,,Unknown
122.0,Carl Lamey,php.net,17 Mar 2025,$500.37,a900e75e-5035-4357-824e-d82f8db6a607,Armenia,Armenia
,Cymbre Cockrill,joomla.org,04 Jul 2025,$482.79,98d998ca-0b37-4898-ae25-ab85c4d981db,Portugal,Portugal
,Brynna Petrie,nhs.uk,15 Jul 2025,$780.39,39d7652c-fe34-4e66-bf90-b5fb2cfbbf2f,China,China
,Tildy Worlock,disqus.com,10 Jan 2026,$173.04,6f79120f-5a4a-4de9-a201-481446647525,Indonesia,Indonesia
